Date,Open,High,Low,Close,Volume,close_time,quote_av,trades,tb_base_av,tb_quote_av,ignore
2022-10-26 12:00:00,1.06,1.06,1.0,1.0001,570.0,1666789199999,570.9542,5,542.0,542.0542,0
2022-10-26 13:00:00,1.0001,1.0001,1.0001,1.0001,347.0,1666792799999,347.0347,4,347.0,347.0347,0
2022-10-26 14:00:00,1.0001,1.0001,1.0001,1.0001,2567.0,1666796399999,2567.2567,9,2567.0,2567.2567,0
2022-10-26 15:00:00,1.0001,1.0001,1.0001,1.0001,7242.0,1666799999999,7242.7242,12,7242.0,7242.7242,0
2022-10-26 16:00:00,1.0001,1.0001,1.0001,1.0001,11817.0,1666803599999,11818.1817,22,11817.0,11818.1817,0
2022-10-26 17:00:00,1.0001,1.0001,1.0001,1.0001,4129.0,1666807199999,4129.4129,12,4129.0,4129.4129,0
2022-10-26 18:00:00,1.0001,1.0001,1.0001,1.0001,11454.0,1666810799999,11455.1454,23,11454.0,11455.1454,0
2022-10-26 19:00:00,1.0001,1.0001,1.0001,1.0001,13622.0,1666814399999,13623.3622,15,13622.0,13623.3622,0
2022-10-26 20:00:00,1.0001,1.0001,1.0001,1.0001,10925.0,1666817999999,10926.0925,9,10925.0,10926.0925,0
2022-10-26 21:00:00,1.0,1.0001,1.0,1.0001,6081.0,1666821599999,6081.6056,10,6056.0,6056.6056,0
2022-10-26 22:00:00,1.0001,1.0001,1.0001,1.0001,4965.0,1666825199999,4965.4965,11,4965.0,4965.4965,0
2022-10-26 23:00:00,1.0001,1.0001,1.0001,1.0001,1778.0,1666828799999,1778.1778,7,1778.0,1778.1778,0
2022-10-27 00:00:00,1.0001,1.0001,1.0001,1.0001,11006.0,1666832399999,11007.1006,8,11006.0,11007.1006,0
2022-10-27 01:00:00,1.0001,1.0001,1.0001,1.0001,1057.0,1666835999999,1057.1057,3,1057.0,1057.1057,0
2022-10-27 02:00:00,1.0001,1.0001,1.0,1.0,19532.0,1666839599999,19533.9116,19,19116.0,19117.9116,0
2022-10-27 03:00:00,1.0,1.0001,1.0,1.0001,12244.0,1666843199999,12244.2305,11,2305.0,2305.2305,0
2022-10-27 04:00:00,1.0001,1.0001,1.0001,1.0001,211.0,1666846799999,211.0211,2,211.0,211.0211,0
2022-10-27 05:00:00,1.0001,1.0001,1.0001,1.0001,6720.0,1666850399999,6720.672,14,6720.0,6720.672,0
2022-10-27 06:00:00,1.0001,1.0001,1.0001,1.0001,5859.0,1666853999999,5859.5859,8,5859.0,5859.5859,0
2022-10-27 07:00:00,1.0001,1.0001,1.0001,1.0001,10661.0,1666857599999,10662.0661,6,10661.0,10662.0661,0
2022-10-27 08:00:00,1.0001,1.0001,1.0001,1.0001,28029.0,1666861199999,28031.8029,12,28029.0,28031.8029,0
2022-10-27 09:00:00,1.0001,1.0001,1.0001,1.0001,67.0,1666864799999,67.0067,1,67.0,67.0067,0
2022-10-27 10:00:00,1.0001,1.0001,1.0001,1.0001,0.0,1666868399999,0.0,0,0.0,0.0,0
2022-10-27 11:00:00,1.0001,1.0001,1.0001,1.0001,1059.0,1666871999999,1059.1059,3,1059.0,1059.1059,0
2022-10-27 12:00:00,1.0001,1.0001,1.0001,1.0001,0.0,1666875599999,0.0,0,0.0,0.0,0
2022-10-27 13:00:00,1.0001,1.0001,1.0001,1.0001,0.0,1666879199999,0.0,0,0.0,0.0,0
2022-10-27 14:00:00,1.0001,1.0001,1.0001,1.0001,0.0,1666882799999,0.0,0,0.0,0.0,0
2022-10-27 15:00:00,1.0001,1.0001,1.0001,1.0001,0.0,1666886399999,0.0,0,0.0,0.0,0
2022-10-27 16:00:00,1.0001,1.0001,1.0001,1.0001,0.0,1666889999999,0.0,0,0.0,0.0,0
2022-10-27 17:00:00,1.0001,1.0001,1.0001,1.0001,0.0,1666893599999,0.0,0,0.0,0.0,0
2022-10-27 18:00:00,1.0001,1.0001,1.0001,1.0001,0.0,1666897199999,0.0,0,0.0,0.0,0
2022-10-27 19:00:00,1.0001,1.0001,1.0001,1.0001,0.0,1666900799999,0.0,0,0.0,0.0,0
2022-10-27 20:00:00,1.0001,1.0001,1.0001,1.0001,3530.0,1666904399999,3530.353,2,3530.0,3530.353,0
2022-10-27 21:00:00,1.0001,1.0001,1.0001,1.0001,0.0,1666907999999,0.0,0,0.0,0.0,0
2022-10-27 22:00:00,1.0001,1.0001,1.0,1.0,41.0,1666911599999,41.0022,2,22.0,22.0022,0
2022-10-27 23:00:00,1.0,1.0,1.0,1.0,0.0,1666915199999,0.0,0,0.0,0.0,0
2022-10-28 00:00:00,1.0,1.0,1.0,1.0,0.0,1666918799999,0.0,0,0.0,0.0,0
2022-10-28 01:00:00,1.0,1.0,1.0,1.0,0.0,1666922399999,0.0,0,0.0,0.0,0
2022-10-28 02:00:00,1.0,1.0,1.0,1.0,0.0,1666925999999,0.0,0,0.0,0.0,0
2022-10-28 03:00:00,1.0,1.0,1.0,1.0,0.0,1666929599999,0.0,0,0.0,0.0,0
2022-10-28 04:00:00,1.0,1.0,1.0,1.0,0.0,1666933199999,0.0,0,0.0,0.0,0
2022-10-28 05:00:00,1.0,1.0,1.0,1.0,0.0,1666936799999,0.0,0,0.0,0.0,0
2022-10-28 06:00:00,1.0,1.0,1.0,1.0,0.0,1666940399999,0.0,0,0.0,0.0,0
2022-10-28 07:00:00,1.0,1.0,1.0,1.0,0.0,1666943999999,0.0,0,0.0,0.0,0
2022-10-28 08:00:00,1.0001,1.0001,1.0001,1.0001,36.0,1666947599999,36.0036,1,36.0,36.0036,0
2022-10-28 09:00:00,1.0001,1.0001,1.0001,1.0001,0.0,1666951199999,0.0,0,0.0,0.0,0
2022-10-28 10:00:00,1.0001,1.0001,1.0001,1.0001,0.0,1666954799999,0.0,0,0.0,0.0,0
2022-10-28 11:00:00,1.0001,1.0001,1.0001,1.0001,0.0,1666958399999,0.0,0,0.0,0.0,0
2022-10-28 12:00:00,1.0001,1.0001,1.0001,1.0001,0.0,1666961999999,0.0,0,0.0,0.0,0
2022-10-28 13:00:00,1.0001,1.0001,1.0001,1.0001,0.0,1666965599999,0.0,0,0.0,0.0,0
2022-10-28 14:00:00,1.0001,1.0001,1.0001,1.0001,0.0,1666969199999,0.0,0,0.0,0.0,0
2022-10-28 15:00:00,1.0001,1.0001,1.0001,1.0001,0.0,1666972799999,0.0,0,0.0,0.0,0
2022-10-28 16:00:00,1.0001,1.0001,1.0001,1.0001,0.0,1666976399999,0.0,0,0.0,0.0,0
2022-10-28 17:00:00,1.0001,1.0001,1.0001,1.0001,0.0,1666979999999,0.0,0,0.0,0.0,0
2022-10-28 18:00:00,1.0001,1.0001,1.0001,1.0001,0.0,1666983599999,0.0,0,0.0,0.0,0
2022-10-28 19:00:00,1.0001,1.0001,1.0001,1.0001,0.0,1666987199999,0.0,0,0.0,0.0,0
2022-10-28 20:00:00,1.0001,1.0001,1.0001,1.0001,0.0,1666990799999,0.0,0,0.0,0.0,0
2022-10-28 21:00:00,1.0001,1.0001,1.0001,1.0001,32.0,1666994399999,32.0032,1,32.0,32.0032,0
2022-10-28 22:00:00,1.0,1.0,1.0,1.0,31.0,1666997999999,31.0,1,0.0,0.0,0
2022-10-28 23:00:00,1.0,1.0,1.0,1.0,0.0,1667001599999,0.0,0,0.0,0.0,0
2022-10-29 00:00:00,1.0,1.0,1.0,1.0,50.0,1667005199999,50.0,3,0.0,0.0,0
2022-10-29 01:00:00,1.0,1.0,1.0,1.0,0.0,1667008799999,0.0,0,0.0,0.0,0
2022-10-29 02:00:00,1.0,1.0,1.0,1.0,0.0,1667012399999,0.0,0,0.0,0.0,0
2022-10-29 03:00:00,1.0,1.0,1.0,1.0,0.0,1667015999999,0.0,0,0.0,0.0,0
2022-10-29 04:00:00,1.0001,1.0001,1.0001,1.0001,10.0,1667019599999,10.001,1,10.0,10.001,0
2022-10-29 05:00:00,1.0001,1.0001,1.0001,1.0001,0.0,1667023199999,0.0,0,0.0,0.0,0
2022-10-29 06:00:00,1.0001,1.0001,1.0001,1.0001,0.0,1667026799999,0.0,0,0.0,0.0,0
2022-10-29 07:00:00,1.0001,1.0001,1.0001,1.0001,0.0,1667030399999,0.0,0,0.0,0.0,0
2022-10-29 08:00:00,1.0001,1.0001,1.0001,1.0001,0.0,1667033999999,0.0,0,0.0,0.0,0
2022-10-29 09:00:00,1.0001,1.0001,1.0001,1.0001,0.0,1667037599999,0.0,0,0.0,0.0,0
2022-10-29 10:00:00,1.0001,1.0001,1.0001,1.0001,0.0,1667041199999,0.0,0,0.0,0.0,0
2022-10-29 11:00:00,1.0001,1.0001,1.0001,1.0001,0.0,1667044799999,0.0,0,0.0,0.0,0
2022-10-29 12:00:00,1.0001,1.0001,1.0001,1.0001,0.0,1667048399999,0.0,0,0.0,0.0,0
2022-10-29 13:00:00,1.0,1.0,1.0,1.0,36.0,1667051999999,36.0,1,0.0,0.0,0
2022-10-29 14:00:00,1.0,1.0,1.0,1.0,0.0,1667055599999,0.0,0,0.0,0.0,0
2022-10-29 15:00:00,1.0,1.0,1.0,1.0,0.0,1667059199999,0.0,0,0.0,0.0,0
2022-10-29 16:00:00,1.0,1.0,1.0,1.0,0.0,1667062799999,0.0,0,0.0,0.0,0
2022-10-29 17:00:00,1.0,1.0,1.0,1.0,0.0,1667066399999,0.0,0,0.0,0.0,0
2022-10-29 18:00:00,1.0,1.0,1.0,1.0,0.0,1667069999999,0.0,0,0.0,0.0,0
2022-10-29 19:00:00,1.0,1.0,1.0,1.0,0.0,1667073599999,0.0,0,0.0,0.0,0
2022-10-29 20:00:00,1.0,1.0,1.0,1.0,0.0,1667077199999,0.0,0,0.0,0.0,0
2022-10-29 21:00:00,0.9997,0.9997,0.8009999999999999,0.8009999999999999,15.0,1667080799999,14.2007,2,0.0,0.0,0
2022-10-29 22:00:00,1.195,1.195,0.9985,0.9985,109.0,1667084399999,128.4865,2,100.0,119.5,0
2022-10-29 23:00:00,0.9985,0.9985,0.9985,0.9985,0.0,1667087999999,0.0,0,0.0,0.0,0
2022-10-30 00:00:00,0.9985,0.9985,0.9985,0.9985,0.0,1667091599999,0.0,0,0.0,0.0,0
2022-10-30 01:00:00,0.9985,0.9985,0.9985,0.9985,0.0,1667095199999,0.0,0,0.0,0.0,0
2022-10-30 02:00:00,0.9985,0.9985,0.9985,0.9985,0.0,1667098799999,0.0,0,0.0,0.0,0
2022-10-30 03:00:00,0.9985,0.9985,0.9985,0.9985,0.0,1667102399999,0.0,0,0.0,0.0,0
2022-10-30 04:00:00,0.9985,0.9985,0.9985,0.9985,0.0,1667105999999,0.0,0,0.0,0.0,0
2022-10-30 05:00:00,0.9985,0.9985,0.9985,0.9985,0.0,1667109599999,0.0,0,0.0,0.0,0
2022-10-30 06:00:00,0.9985,0.9985,0.9985,0.9985,0.0,1667113199999,0.0,0,0.0,0.0,0
2022-10-30 07:00:00,1.0001,1.0001,1.0001,1.0001,40.0,1667116799999,40.004,1,40.0,40.004,0
2022-10-30 08:00:00,1.0001,1.0001,1.0001,1.0001,0.0,1667120399999,0.0,0,0.0,0.0,0
2022-10-30 09:00:00,1.0001,1.0001,1.0001,1.0001,0.0,1667123999999,0.0,0,0.0,0.0,0
2022-10-30 10:00:00,1.0001,1.0001,1.0001,1.0001,0.0,1667127599999,0.0,0,0.0,0.0,0
2022-10-30 11:00:00,1.0001,1.0001,1.0001,1.0001,0.0,1667131199999,0.0,0,0.0,0.0,0
2022-10-30 12:00:00,1.0001,1.0001,1.0001,1.0001,0.0,1667134799999,0.0,0,0.0,0.0,0
2022-10-30 13:00:00,1.0001,1.0001,1.0001,1.0001,0.0,1667138399999,0.0,0,0.0,0.0,0
2022-10-30 14:00:00,1.0001,1.0001,1.0001,1.0001,0.0,1667141999999,0.0,0,0.0,0.0,0
2022-10-30 15:00:00,1.0001,1.0001,1.0001,1.0001,0.0,1667145599999,0.0,0,0.0,0.0,0
2022-10-30 16:00:00,1.0001,1.0001,1.0001,1.0001,0.0,1667149199999,0.0,0,0.0,0.0,0
2022-10-30 17:00:00,1.0001,1.0001,1.0001,1.0001,0.0,1667152799999,0.0,0,0.0,0.0,0
2022-10-30 18:00:00,1.0001,1.0001,1.0001,1.0001,0.0,1667156399999,0.0,0,0.0,0.0,0
2022-10-30 19:00:00,1.0001,1.0001,0.9998,0.9998,82.0,1667159999999,81.9974,3,46.0,46.0046,0
2022-10-30 20:00:00,0.9998,0.9998,0.9998,0.9998,19.0,1667163599999,18.9962,1,0.0,0.0,0
2022-10-30 21:00:00,1.0001,1.0001,0.9998,0.9998,317.0,1667167199999,316.9852,2,162.0,162.0162,0
2022-10-30 22:00:00,1.0001,1.0001,0.9998,0.9998,299.0,1667170799999,298.9852,2,150.0,150.015,0
2022-10-30 23:00:00,0.9998,0.9998,0.9998,0.9998,0.0,1667174399999,0.0,0,0.0,0.0,0
2022-10-31 00:00:00,0.9998,0.9998,0.9998,0.9998,0.0,1667177999999,0.0,0,0.0,0.0,0
2022-10-31 01:00:00,0.9999,0.9999,0.9999,0.9999,99.0,1667181599999,98.9901,1,0.0,0.0,0
2022-10-31 02:00:00,0.9999,0.9999,0.9999,0.9999,0.0,1667185199999,0.0,0,0.0,0.0,0
2022-10-31 03:00:00,0.9999,0.9999,0.9999,0.9999,0.0,1667188799999,0.0,0,0.0,0.0,0
2022-10-31 04:00:00,0.9999,0.9999,0.9999,0.9999,0.0,1667192399999,0.0,0,0.0,0.0,0
2022-10-31 05:00:00,0.9999,0.9999,0.9999,0.9999,0.0,1667195999999,0.0,0,0.0,0.0,0
2022-10-31 06:00:00,0.9999,0.9999,0.9999,0.9999,0.0,1667199599999,0.0,0,0.0,0.0,0
2022-10-31 07:00:00,0.9999,0.9999,0.9999,0.9999,0.0,1667203199999,0.0,0,0.0,0.0,0
2022-10-31 08:00:00,0.9999,0.9999,0.9999,0.9999,0.0,1667206799999,0.0,0,0.0,0.0,0
2022-10-31 09:00:00,0.9999,0.9999,0.9999,0.9999,0.0,1667210399999,0.0,0,0.0,0.0,0
2022-10-31 10:00:00,0.9999,0.9999,0.9999,0.9999,0.0,1667213999999,0.0,0,0.0,0.0,0
2022-10-31 11:00:00,0.9999,0.9999,0.9999,0.9999,0.0,1667217599999,0.0,0,0.0,0.0,0
2022-10-31 12:00:00,0.9999,0.9999,0.9999,0.9999,0.0,1667221199999,0.0,0,0.0,0.0,0
2022-10-31 13:00:00,0.9999,0.9999,0.9999,0.9999,0.0,1667224799999,0.0,0,0.0,0.0,0
2022-10-31 14:00:00,0.9999,1.0002,0.9999,1.0002,3283.0,1667228399999,3282.7683,6,322.0,322.0644,0
2022-10-31 15:00:00,1.0002,1.0002,1.0002,1.0002,498.0,1667231999999,498.0996,6,498.0,498.0996,0
2022-10-31 16:00:00,1.0002,1.0002,1.0002,1.0002,0.0,1667235599999,0.0,0,0.0,0.0,0
2022-10-31 17:00:00,1.0002,1.0002,1.0002,1.0002,0.0,1667239199999,0.0,0,0.0,0.0,0
2022-10-31 18:00:00,1.0002,1.0002,1.0002,1.0002,1985.0,1667242799999,1985.397,3,1985.0,1985.397,0
2022-10-31 19:00:00,1.0002,1.0002,1.0002,1.0002,0.0,1667246399999,0.0,0,0.0,0.0,0
2022-10-31 20:00:00,1.0002,1.0002,1.0002,1.0002,0.0,1667249999999,0.0,0,0.0,0.0,0
2022-10-31 21:00:00,1.0002,1.0002,1.0002,1.0002,0.0,1667253599999,0.0,0,0.0,0.0,0
2022-10-31 22:00:00,1.0002,1.0002,1.0002,1.0002,0.0,1667257199999,0.0,0,0.0,0.0,0
2022-10-31 23:00:00,1.0002,1.0002,1.0002,1.0002,0.0,1667260799999,0.0,0,0.0,0.0,0
2022-11-01 00:00:00,1.0002,1.0002,1.0002,1.0002,0.0,1667264399999,0.0,0,0.0,0.0,0
2022-11-01 01:00:00,1.0002,1.0002,1.0002,1.0002,0.0,1667267999999,0.0,0,0.0,0.0,0
2022-11-01 02:00:00,1.0002,1.0002,1.0002,1.0002,0.0,1667271599999,0.0,0,0.0,0.0,0
2022-11-01 03:00:00,1.0002,1.0002,1.0002,1.0002,0.0,1667275199999,0.0,0,0.0,0.0,0
2022-11-01 04:00:00,1.0002,1.0002,1.0002,1.0002,0.0,1667278799999,0.0,0,0.0,0.0,0
2022-11-01 05:00:00,1.0002,1.0002,1.0002,1.0002,0.0,1667282399999,0.0,0,0.0,0.0,0
2022-11-01 06:00:00,1.0001,1.0001,1.0001,1.0001,39.0,1667285999999,39.0039,1,0.0,0.0,0
2022-11-01 07:00:00,1.0001,1.0001,1.0001,1.0001,0.0,1667289599999,0.0,0,0.0,0.0,0
2022-11-01 08:00:00,1.0001,1.0001,1.0001,1.0001,0.0,1667293199999,0.0,0,0.0,0.0,0
2022-11-01 09:00:00,1.0001,1.0001,1.0001,1.0001,0.0,1667296799999,0.0,0,0.0,0.0,0
2022-11-01 10:00:00,1.0001,1.0001,1.0001,1.0001,0.0,1667300399999,0.0,0,0.0,0.0,0
2022-11-01 11:00:00,1.0001,1.0001,1.0001,1.0001,0.0,1667303999999,0.0,0,0.0,0.0,0
2022-11-01 12:00:00,1.0001,1.0001,1.0001,1.0001,0.0,1667307599999,0.0,0,0.0,0.0,0
2022-11-01 13:00:00,1.0001,1.0001,1.0001,1.0001,0.0,1667311199999,0.0,0,0.0,0.0,0
2022-11-01 14:00:00,1.0001,1.0001,1.0001,1.0001,0.0,1667314799999,0.0,0,0.0,0.0,0
2022-11-01 15:00:00,1.0001,1.0001,1.0001,1.0001,0.0,1667318399999,0.0,0,0.0,0.0,0
2022-11-01 16:00:00,1.0001,1.0001,1.0001,1.0001,0.0,1667321999999,0.0,0,0.0,0.0,0
2022-11-01 17:00:00,1.0001,1.0001,1.0001,1.0001,0.0,1667325599999,0.0,0,0.0,0.0,0
2022-11-01 18:00:00,1.0001,1.0001,1.0001,1.0001,0.0,1667329199999,0.0,0,0.0,0.0,0
2022-11-01 19:00:00,1.0001,1.0001,1.0001,1.0001,0.0,1667332799999,0.0,0,0.0,0.0,0
2022-11-01 20:00:00,1.0001,1.0001,1.0001,1.0001,0.0,1667336399999,0.0,0,0.0,0.0,0
2022-11-01 21:00:00,1.0001,1.0001,1.0001,1.0001,0.0,1667339999999,0.0,0,0.0,0.0,0
2022-11-01 22:00:00,1.0001,1.0001,1.0001,1.0001,0.0,1667343599999,0.0,0,0.0,0.0,0
2022-11-01 23:00:00,1.0001,1.0001,1.0001,1.0001,0.0,1667347199999,0.0,0,0.0,0.0,0
2022-11-02 00:00:00,1.0001,1.0001,1.0001,1.0001,0.0,1667350799999,0.0,0,0.0,0.0,0
2022-11-02 01:00:00,1.0002,1.0002,1.0002,1.0002,99.0,1667354399999,99.0198,1,99.0,99.0198,0
2022-11-02 02:00:00,1.0002,1.0002,1.0002,1.0002,76.0,1667357999999,76.0152,3,76.0,76.0152,0
2022-11-02 03:00:00,1.0002,1.0002,1.0002,1.0002,0.0,1667361599999,0.0,0,0.0,0.0,0
2022-11-02 04:00:00,1.0001,1.0001,1.0001,1.0001,249.0,1667365199999,249.0249,1,0.0,0.0,0
2022-11-02 05:00:00,1.0001,1.0001,1.0001,1.0001,0.0,1667368799999,0.0,0,0.0,0.0,0
2022-11-02 06:00:00,1.0001,1.0001,1.0001,1.0001,0.0,1667372399999,0.0,0,0.0,0.0,0
2022-11-02 07:00:00,1.0001,1.0001,1.0001,1.0001,0.0,1667375999999,0.0,0,0.0,0.0,0
2022-11-02 08:00:00,1.0001,1.0001,1.0001,1.0001,0.0,1667379599999,0.0,0,0.0,0.0,0
2022-11-02 09:00:00,1.0001,1.0001,1.0001,1.0001,0.0,1667383199999,0.0,0,0.0,0.0,0
2022-11-02 10:00:00,1.0001,1.0001,1.0001,1.0001,0.0,1667386799999,0.0,0,0.0,0.0,0
2022-11-02 11:00:00,1.0001,1.0001,1.0001,1.0001,0.0,1667390399999,0.0,0,0.0,0.0,0
2022-11-02 12:00:00,1.0001,1.0001,1.0001,1.0001,0.0,1667393999999,0.0,0,0.0,0.0,0
2022-11-02 13:00:00,1.0001,1.0001,1.0001,1.0001,0.0,1667397599999,0.0,0,0.0,0.0,0
2022-11-02 14:00:00,1.0001,1.0001,1.0001,1.0001,0.0,1667401199999,0.0,0,0.0,0.0,0
2022-11-02 15:00:00,1.0001,1.0001,1.0001,1.0001,0.0,1667404799999,0.0,0,0.0,0.0,0
2022-11-02 16:00:00,1.0001,1.0001,1.0001,1.0001,0.0,1667408399999,0.0,0,0.0,0.0,0
2022-11-02 17:00:00,1.0001,1.0001,1.0001,1.0001,0.0,1667411999999,0.0,0,0.0,0.0,0
2022-11-02 18:00:00,1.0001,1.0001,1.0001,1.0001,0.0,1667415599999,0.0,0,0.0,0.0,0
2022-11-02 19:00:00,1.0001,1.0001,1.0001,1.0001,0.0,1667419199999,0.0,0,0.0,0.0,0
2022-11-02 20:00:00,1.0001,1.0001,1.0001,1.0001,0.0,1667422799999,0.0,0,0.0,0.0,0
2022-11-02 21:00:00,1.0001,1.0001,1.0001,1.0001,0.0,1667426399999,0.0,0,0.0,0.0,0
2022-11-02 22:00:00,1.0001,1.0001,1.0001,1.0001,0.0,1667429999999,0.0,0,0.0,0.0,0
2022-11-02 23:00:00,1.0001,1.0001,1.0001,1.0001,0.0,1667433599999,0.0,0,0.0,0.0,0
2022-11-03 00:00:00,1.0001,1.0001,1.0001,1.0001,0.0,1667437199999,0.0,0,0.0,0.0,0
2022-11-03 01:00:00,1.0002,1.0002,1.0002,1.0002,24.0,1667440799999,24.0048,1,24.0,24.0048,0
2022-11-03 02:00:00,1.0001,1.0002,1.0001,1.0002,1059.0,1667444399999,1059.1146,4,87.0,87.0174,0
2022-11-03 03:00:00,1.0002,1.0002,1.0002,1.0002,0.0,1667447999999,0.0,0,0.0,0.0,0
2022-11-03 04:00:00,1.0002,1.0002,1.0002,1.0002,0.0,1667451599999,0.0,0,0.0,0.0,0
2022-11-03 05:00:00,1.0002,1.0002,1.0002,1.0002,0.0,1667455199999,0.0,0,0.0,0.0,0
2022-11-03 06:00:00,1.0002,1.0002,1.0002,1.0002,0.0,1667458799999,0.0,0,0.0,0.0,0
2022-11-03 07:00:00,1.0002,1.0002,1.0002,1.0002,507.0,1667462399999,507.1014,2,507.0,507.1014,0
2022-11-03 08:00:00,1.0002,1.0002,1.0002,1.0002,0.0,1667465999999,0.0,0,0.0,0.0,0
2022-11-03 09:00:00,1.0002,1.0002,1.0002,1.0002,0.0,1667469599999,0.0,0,0.0,0.0,0
2022-11-03 10:00:00,1.0002,1.0002,1.0002,1.0002,0.0,1667473199999,0.0,0,0.0,0.0,0
2022-11-03 11:00:00,1.0002,1.0002,1.0002,1.0002,0.0,1667476799999,0.0,0,0.0,0.0,0
2022-11-03 12:00:00,1.0002,1.0002,1.0002,1.0002,0.0,1667480399999,0.0,0,0.0,0.0,0
2022-11-03 13:00:00,1.0002,1.0002,1.0002,1.0002,0.0,1667483999999,0.0,0,0.0,0.0,0
2022-11-03 14:00:00,1.0002,1.0002,1.0002,1.0002,0.0,1667487599999,0.0,0,0.0,0.0,0
2022-11-03 15:00:00,1.0002,1.0002,1.0002,1.0002,0.0,1667491199999,0.0,0,0.0,0.0,0
2022-11-03 16:00:00,1.0002,1.0002,1.0002,1.0002,0.0,1667494799999,0.0,0,0.0,0.0,0
2022-11-03 17:00:00,1.0002,1.0002,1.0002,1.0002,0.0,1667498399999,0.0,0,0.0,0.0,0
2022-11-03 18:00:00,1.0002,1.0002,1.0002,1.0002,0.0,1667501999999,0.0,0,0.0,0.0,0
2022-11-03 19:00:00,1.0002,1.0002,1.0002,1.0002,0.0,1667505599999,0.0,0,0.0,0.0,0
2022-11-03 20:00:00,1.0002,1.0002,1.0002,1.0002,0.0,1667509199999,0.0,0,0.0,0.0,0
2022-11-03 21:00:00,1.0002,1.0002,1.0002,1.0002,0.0,1667512799999,0.0,0,0.0,0.0,0
2022-11-03 22:00:00,1.0002,1.0002,1.0001,1.0001,129.0,1667516399999,129.0194,2,65.0,65.013,0
2022-11-03 23:00:00,1.0001,1.0001,1.0001,1.0001,290.0,1667519999999,290.029,1,0.0,0.0,0
2022-11-04 00:00:00,1.0001,1.0001,1.0001,1.0001,0.0,1667523599999,0.0,0,0.0,0.0,0
2022-11-04 01:00:00,1.0002,1.0002,1.0002,1.0002,50.0,1667527199999,50.01,1,50.0,50.01,0
2022-11-04 02:00:00,1.0002,1.0002,1.0002,1.0002,0.0,1667530799999,0.0,0,0.0,0.0,0
2022-11-04 03:00:00,1.0002,1.0002,1.0002,1.0002,0.0,1667534399999,0.0,0,0.0,0.0,0
2022-11-04 04:00:00,1.0002,1.0002,1.0002,1.0002,0.0,1667537999999,0.0,0,0.0,0.0,0
2022-11-04 05:00:00,1.0002,1.0002,1.0002,1.0002,0.0,1667541599999,0.0,0,0.0,0.0,0
2022-11-04 06:00:00,1.0002,1.0002,1.0002,1.0002,0.0,1667545199999,0.0,0,0.0,0.0,0
2022-11-04 07:00:00,1.0002,1.0002,1.0002,1.0002,0.0,1667548799999,0.0,0,0.0,0.0,0
2022-11-04 08:00:00,1.0002,1.0002,1.0002,1.0002,0.0,1667552399999,0.0,0,0.0,0.0,0
2022-11-04 09:00:00,1.0002,1.0002,1.0002,1.0002,0.0,1667555999999,0.0,0,0.0,0.0,0
2022-11-04 10:00:00,1.0002,1.0002,1.0002,1.0002,0.0,1667559599999,0.0,0,0.0,0.0,0
2022-11-04 11:00:00,1.0002,1.0002,1.0002,1.0002,0.0,1667563199999,0.0,0,0.0,0.0,0
2022-11-04 12:00:00,1.0002,1.0002,1.0002,1.0002,0.0,1667566799999,0.0,0,0.0,0.0,0
2022-11-04 13:00:00,1.0002,1.0002,1.0002,1.0002,0.0,1667570399999,0.0,0,0.0,0.0,0
2022-11-04 14:00:00,1.0002,1.0002,1.0002,1.0002,0.0,1667573999999,0.0,0,0.0,0.0,0
2022-11-04 15:00:00,1.0001,1.0002,1.0001,1.0002,711.0,1667577599999,711.0831,5,120.0,120.024,0
2022-11-04 16:00:00,1.0002,1.0002,1.0002,1.0002,0.0,1667581199999,0.0,0,0.0,0.0,0
2022-11-04 17:00:00,1.0002,1.0002,1.0002,1.0002,0.0,1667584799999,0.0,0,0.0,0.0,0
2022-11-04 18:00:00,1.0002,1.0002,1.0002,1.0002,0.0,1667588399999,0.0,0,0.0,0.0,0
2022-11-04 19:00:00,1.0002,1.0002,1.0002,1.0002,346.0,1667591999999,346.0692,1,346.0,346.0692,0
2022-11-04 20:00:00,1.0002,1.0002,1.0002,1.0002,0.0,1667595599999,0.0,0,0.0,0.0,0
2022-11-04 21:00:00,1.0002,1.0002,1.0002,1.0002,299.0,1667599199999,299.0598,1,299.0,299.0598,0
2022-11-04 22:00:00,1.0002,1.0002,1.0002,1.0002,0.0,1667602799999,0.0,0,0.0,0.0,0
2022-11-04 23:00:00,1.0002,1.0002,1.0002,1.0002,0.0,1667606399999,0.0,0,0.0,0.0,0
2022-11-05 00:00:00,1.0002,1.0002,1.0002,1.0002,0.0,1667609999999,0.0,0,0.0,0.0,0
2022-11-05 01:00:00,1.0002,1.0002,1.0002,1.0002,0.0,1667613599999,0.0,0,0.0,0.0,0
2022-11-05 02:00:00,1.0002,1.0002,1.0002,1.0002,0.0,1667617199999,0.0,0,0.0,0.0,0
2022-11-05 03:00:00,1.0002,1.0002,1.0002,1.0002,0.0,1667620799999,0.0,0,0.0,0.0,0
2022-11-05 04:00:00,1.0002,1.0002,1.0002,1.0002,0.0,1667624399999,0.0,0,0.0,0.0,0
2022-11-05 05:00:00,1.0002,1.0002,1.0002,1.0002,0.0,1667627999999,0.0,0,0.0,0.0,0
2022-11-05 06:00:00,1.0002,1.0002,1.0002,1.0002,0.0,1667631599999,0.0,0,0.0,0.0,0
2022-11-05 07:00:00,1.0002,1.0002,1.0002,1.0002,0.0,1667635199999,0.0,0,0.0,0.0,0
2022-11-05 08:00:00,1.0002,1.0002,1.0002,1.0002,0.0,1667638799999,0.0,0,0.0,0.0,0
2022-11-05 09:00:00,1.0002,1.0002,1.0002,1.0002,0.0,1667642399999,0.0,0,0.0,0.0,0
2022-11-05 10:00:00,1.0002,1.0002,1.0002,1.0002,0.0,1667645999999,0.0,0,0.0,0.0,0
2022-11-05 11:00:00,1.0002,1.0002,1.0002,1.0002,0.0,1667649599999,0.0,0,0.0,0.0,0
2022-11-05 12:00:00,1.0002,1.0002,1.0002,1.0002,0.0,1667653199999,0.0,0,0.0,0.0,0
2022-11-05 13:00:00,1.0002,1.0002,1.0002,1.0002,0.0,1667656799999,0.0,0,0.0,0.0,0
2022-11-05 14:00:00,1.0002,1.0002,1.0002,1.0002,0.0,1667660399999,0.0,0,0.0,0.0,0
2022-11-05 15:00:00,1.0002,1.0002,1.0002,1.0002,0.0,1667663999999,0.0,0,0.0,0.0,0
2022-11-05 16:00:00,1.0002,1.0002,1.0002,1.0002,0.0,1667667599999,0.0,0,0.0,0.0,0
2022-11-05 17:00:00,1.0002,1.0002,1.0002,1.0002,0.0,1667671199999,0.0,0,0.0,0.0,0
2022-11-05 18:00:00,1.0002,1.0002,1.0002,1.0002,0.0,1667674799999,0.0,0,0.0,0.0,0
2022-11-05 19:00:00,1.0002,1.0002,1.0002,1.0002,0.0,1667678399999,0.0,0,0.0,0.0,0
2022-11-05 20:00:00,1.0002,1.0002,1.0002,1.0002,0.0,1667681999999,0.0,0,0.0,0.0,0
2022-11-05 21:00:00,1.0002,1.0002,1.0002,1.0002,0.0,1667685599999,0.0,0,0.0,0.0,0
2022-11-05 22:00:00,1.0002,1.0002,1.0002,1.0002,0.0,1667689199999,0.0,0,0.0,0.0,0
2022-11-05 23:00:00,1.0002,1.0002,1.0002,1.0002,0.0,1667692799999,0.0,0,0.0,0.0,0
2022-11-06 00:00:00,1.0002,1.0002,1.0002,1.0002,0.0,1667696399999,0.0,0,0.0,0.0,0
2022-11-06 01:00:00,1.0002,1.0002,1.0002,1.0002,0.0,1667699999999,0.0,0,0.0,0.0,0
2022-11-06 02:00:00,1.0002,1.0002,1.0002,1.0002,0.0,1667703599999,0.0,0,0.0,0.0,0
2022-11-06 03:00:00,1.0002,1.0002,1.0002,1.0002,0.0,1667707199999,0.0,0,0.0,0.0,0
2022-11-06 04:00:00,1.0002,1.0002,1.0002,1.0002,0.0,1667710799999,0.0,0,0.0,0.0,0
2022-11-06 05:00:00,1.0002,1.0002,1.0002,1.0002,0.0,1667714399999,0.0,0,0.0,0.0,0
2022-11-06 06:00:00,1.0002,1.0002,1.0002,1.0002,0.0,1667717999999,0.0,0,0.0,0.0,0
2022-11-06 07:00:00,1.0002,1.0002,1.0002,1.0002,0.0,1667721599999,0.0,0,0.0,0.0,0
2022-11-06 08:00:00,1.0002,1.0002,1.0002,1.0002,0.0,1667725199999,0.0,0,0.0,0.0,0
2022-11-06 09:00:00,1.0001,1.0001,1.0001,1.0001,7662.0,1667728799999,7662.7662,2,0.0,0.0,0
2022-11-06 10:00:00,1.0001,1.0001,1.0001,1.0001,0.0,1667732399999,0.0,0,0.0,0.0,0
2022-11-06 11:00:00,1.0001,1.0001,1.0001,1.0001,0.0,1667735999999,0.0,0,0.0,0.0,0
2022-11-06 12:00:00,1.0001,1.0001,1.0001,1.0001,0.0,1667739599999,0.0,0,0.0,0.0,0
2022-11-06 13:00:00,1.0001,1.0001,1.0001,1.0001,0.0,1667743199999,0.0,0,0.0,0.0,0
2022-11-06 14:00:00,1.0001,1.0001,1.0001,1.0001,0.0,1667746799999,0.0,0,0.0,0.0,0
2022-11-06 15:00:00,1.0001,1.0001,1.0001,1.0001,79.0,1667750399999,79.0079,1,0.0,0.0,0
2022-11-06 16:00:00,1.0001,1.0001,1.0001,1.0001,0.0,1667753999999,0.0,0,0.0,0.0,0
2022-11-06 17:00:00,1.0002,1.0002,1.0002,1.0002,3184.0,1667757599999,3184.6368,1,3184.0,3184.6368,0
2022-11-06 18:00:00,1.0002,1.0002,1.0002,1.0002,0.0,1667761199999,0.0,0,0.0,0.0,0
2022-11-06 19:00:00,1.0002,1.0002,1.0002,1.0002,0.0,1667764799999,0.0,0,0.0,0.0,0
2022-11-06 20:00:00,1.0002,1.0002,1.0002,1.0002,0.0,1667768399999,0.0,0,0.0,0.0,0
2022-11-06 21:00:00,1.0001,1.0001,1.0001,1.0001,3177.0,1667771999999,3177.3177,1,0.0,0.0,0
2022-11-06 22:00:00,1.0001,1.0001,1.0001,1.0001,24.0,1667775599999,24.0024,1,0.0,0.0,0
2022-11-06 23:00:00,1.0001,1.0001,1.0001,1.0001,0.0,1667779199999,0.0,0,0.0,0.0,0
2022-11-07 00:00:00,1.0001,1.0001,1.0001,1.0001,0.0,1667782799999,0.0,0,0.0,0.0,0
2022-11-07 01:00:00,1.0001,1.0001,1.0001,1.0001,0.0,1667786399999,0.0,0,0.0,0.0,0
2022-11-07 02:00:00,1.0001,1.0001,1.0001,1.0001,0.0,1667789999999,0.0,0,0.0,0.0,0
2022-11-07 03:00:00,1.0001,1.0001,1.0001,1.0001,0.0,1667793599999,0.0,0,0.0,0.0,0
2022-11-07 04:00:00,1.0001,1.0001,1.0001,1.0001,0.0,1667797199999,0.0,0,0.0,0.0,0
2022-11-07 05:00:00,1.0001,1.0001,1.0001,1.0001,0.0,1667800799999,0.0,0,0.0,0.0,0
2022-11-07 06:00:00,1.0001,1.0001,1.0001,1.0001,0.0,1667804399999,0.0,0,0.0,0.0,0
2022-11-07 07:00:00,1.0001,1.0001,1.0001,1.0001,0.0,1667807999999,0.0,0,0.0,0.0,0
2022-11-07 08:00:00,1.0001,1.0001,1.0001,1.0001,0.0,1667811599999,0.0,0,0.0,0.0,0
2022-11-07 09:00:00,1.0001,1.0001,1.0001,1.0001,0.0,1667815199999,0.0,0,0.0,0.0,0
2022-11-07 10:00:00,1.0001,1.0001,1.0001,1.0001,0.0,1667818799999,0.0,0,0.0,0.0,0
2022-11-07 11:00:00,1.0001,1.0001,1.0001,1.0001,0.0,1667822399999,0.0,0,0.0,0.0,0
2022-11-07 12:00:00,0.9999,0.9999,0.9999,0.9999,3493.0,1667825999999,3492.6507,3,0.0,0.0,0
2022-11-07 13:00:00,0.9999,0.9999,0.9999,0.9999,0.0,1667829599999,0.0,0,0.0,0.0,0
2022-11-07 14:00:00,0.9999,0.9999,0.9999,0.9999,0.0,1667833199999,0.0,0,0.0,0.0,0
2022-11-07 15:00:00,0.9999,0.9999,0.9999,0.9999,0.0,1667836799999,0.0,0,0.0,0.0,0
2022-11-07 16:00:00,0.9999,0.9999,0.9999,0.9999,0.0,1667840399999,0.0,0,0.0,0.0,0
2022-11-07 17:00:00,0.9999,0.9999,0.9999,0.9999,0.0,1667843999999,0.0,0,0.0,0.0,0
2022-11-07 18:00:00,0.9999,0.9999,0.9999,0.9999,0.0,1667847599999,0.0,0,0.0,0.0,0
2022-11-07 19:00:00,0.9999,0.9999,0.9999,0.9999,0.0,1667851199999,0.0,0,0.0,0.0,0
2022-11-07 20:00:00,0.9999,0.9999,0.9999,0.9999,0.0,1667854799999,0.0,0,0.0,0.0,0
2022-11-07 21:00:00,0.9999,0.9999,0.9999,0.9999,0.0,1667858399999,0.0,0,0.0,0.0,0
2022-11-07 22:00:00,0.9999,0.9999,0.9999,0.9999,0.0,1667861999999,0.0,0,0.0,0.0,0
2022-11-07 23:00:00,1.0002,1.0002,1.0002,1.0002,25.0,1667865599999,25.005,1,25.0,25.005,0
2022-11-08 00:00:00,1.0002,1.0002,1.0002,1.0002,0.0,1667869199999,0.0,0,0.0,0.0,0
2022-11-08 01:00:00,1.0002,1.0002,1.0002,1.0002,0.0,1667872799999,0.0,0,0.0,0.0,0
2022-11-08 02:00:00,1.0002,1.0002,1.0002,1.0002,0.0,1667876399999,0.0,0,0.0,0.0,0
2022-11-08 03:00:00,0.9999,0.9999,0.9999,0.9999,772.0,1667879999999,771.9228,3,0.0,0.0,0
2022-11-08 04:00:00,0.9999,0.9999,0.9999,0.9999,0.0,1667883599999,0.0,0,0.0,0.0,0
2022-11-08 05:00:00,0.9999,0.9999,0.9999,0.9999,0.0,1667887199999,0.0,0,0.0,0.0,0
2022-11-08 06:00:00,0.9999,0.9999,0.9999,0.9999,0.0,1667890799999,0.0,0,0.0,0.0,0
2022-11-08 07:00:00,0.9999,0.9999,0.9999,0.9999,50.0,1667894399999,49.995,1,0.0,0.0,0
2022-11-08 08:00:00,0.9999,0.9999,0.9999,0.9999,0.0,1667897999999,0.0,0,0.0,0.0,0
2022-11-08 09:00:00,0.9999,0.9999,0.9999,0.9999,0.0,1667901599999,0.0,0,0.0,0.0,0
2022-11-08 10:00:00,0.9999,0.9999,0.9999,0.9999,0.0,1667905199999,0.0,0,0.0,0.0,0
2022-11-08 11:00:00,0.9999,0.9999,0.9999,0.9999,0.0,1667908799999,0.0,0,0.0,0.0,0
2022-11-08 12:00:00,0.9999,0.9999,0.9999,0.9999,0.0,1667912399999,0.0,0,0.0,0.0,0
2022-11-08 13:00:00,0.9999,0.9999,0.9999,0.9999,0.0,1667915999999,0.0,0,0.0,0.0,0
2022-11-08 14:00:00,0.9999,0.9999,0.9999,0.9999,0.0,1667919599999,0.0,0,0.0,0.0,0
2022-11-08 15:00:00,0.9999,0.9999,0.9999,0.9999,1154.0,1667923199999,1153.8846,1,0.0,0.0,0
2022-11-08 16:00:00,1.0,1.0,1.0,1.0,12.0,1667926799999,12.0,1,12.0,12.0,0
2022-11-08 17:00:00,1.0,1.0,1.0,1.0,0.0,1667930399999,0.0,0,0.0,0.0,0
2022-11-08 18:00:00,1.0,1.0,1.0,1.0,1244.0,1667933999999,1244.0,1,1244.0,1244.0,0
2022-11-08 19:00:00,1.0,1.0,1.0,1.0,0.0,1667937599999,0.0,0,0.0,0.0,0
2022-11-08 20:00:00,1.0,1.0,1.0,1.0,0.0,1667941199999,0.0,0,0.0,0.0,0
2022-11-08 21:00:00,1.0,1.0,1.0,1.0,0.0,1667944799999,0.0,0,0.0,0.0,0
2022-11-08 22:00:00,1.0,1.0,1.0,1.0,0.0,1667948399999,0.0,0,0.0,0.0,0
2022-11-08 23:00:00,1.0,1.0,1.0,1.0,0.0,1667951999999,0.0,0,0.0,0.0,0
2022-11-09 00:00:00,1.0,1.0,1.0,1.0,0.0,1667955599999,0.0,0,0.0,0.0,0
2022-11-09 01:00:00,1.0,1.0,1.0,1.0,0.0,1667959199999,0.0,0,0.0,0.0,0
2022-11-09 02:00:00,1.0,1.0,1.0,1.0,0.0,1667962799999,0.0,0,0.0,0.0,0
2022-11-09 03:00:00,1.0,1.0,1.0,1.0,0.0,1667966399999,0.0,0,0.0,0.0,0
2022-11-09 04:00:00,1.0,1.0,1.0,1.0,0.0,1667969999999,0.0,0,0.0,0.0,0
2022-11-09 05:00:00,1.0,1.0,1.0,1.0,0.0,1667973599999,0.0,0,0.0,0.0,0
2022-11-09 06:00:00,1.0,1.0,1.0,1.0,0.0,1667977199999,0.0,0,0.0,0.0,0
2022-11-09 07:00:00,1.0,1.0,1.0,1.0,0.0,1667980799999,0.0,0,0.0,0.0,0
2022-11-09 08:00:00,1.0,1.0,1.0,1.0,0.0,1667984399999,0.0,0,0.0,0.0,0
2022-11-09 09:00:00,1.0,1.0,1.0,1.0,0.0,1667987999999,0.0,0,0.0,0.0,0
2022-11-09 10:00:00,1.0,1.0,1.0,1.0,0.0,1667991599999,0.0,0,0.0,0.0,0
2022-11-09 11:00:00,1.0,1.0,1.0,1.0,0.0,1667995199999,0.0,0,0.0,0.0,0
2022-11-09 12:00:00,1.0,1.0,1.0,1.0,0.0,1667998799999,0.0,0,0.0,0.0,0
2022-11-09 13:00:00,1.0,1.0,1.0,1.0,0.0,1668002399999,0.0,0,0.0,0.0,0
2022-11-09 14:00:00,1.0,1.0,1.0,1.0,0.0,1668005999999,0.0,0,0.0,0.0,0
2022-11-09 15:00:00,1.0,1.0,1.0,1.0,0.0,1668009599999,0.0,0,0.0,0.0,0
2022-11-09 16:00:00,0.9997,0.9997,0.9997,0.9997,94.0,1668013199999,93.9718,1,0.0,0.0,0
2022-11-09 17:00:00,0.9997,0.9997,0.9997,0.9997,0.0,1668016799999,0.0,0,0.0,0.0,0
2022-11-09 18:00:00,0.9997,0.9997,0.9997,0.9997,0.0,1668020399999,0.0,0,0.0,0.0,0
2022-11-09 19:00:00,0.9997,0.9997,0.9997,0.9997,0.0,1668023999999,0.0,0,0.0,0.0,0
2022-11-09 20:00:00,0.9997,0.9997,0.9997,0.9997,0.0,1668027599999,0.0,0,0.0,0.0,0
2022-11-09 21:00:00,0.9997,0.9997,0.9997,0.9997,0.0,1668031199999,0.0,0,0.0,0.0,0
2022-11-09 22:00:00,0.9997,0.9997,0.9997,0.9997,0.0,1668034799999,0.0,0,0.0,0.0,0
2022-11-09 23:00:00,1.0,1.0,1.0,1.0,2000.0,1668038399999,2000.0,1,2000.0,2000.0,0
2022-11-10 00:00:00,0.9997,0.9997,0.9997,0.9997,24094.0,1668041999999,24086.7718,2,0.0,0.0,0
2022-11-10 01:00:00,0.9997,0.9997,0.9997,0.9997,0.0,1668045599999,0.0,0,0.0,0.0,0
2022-11-10 02:00:00,0.9997,0.9997,0.9997,0.9997,75.0,1668049199999,74.9775,1,0.0,0.0,0
2022-11-10 03:00:00,0.9997,0.9997,0.9997,0.9997,0.0,1668052799999,0.0,0,0.0,0.0,0
2022-11-10 04:00:00,0.9997,0.9997,0.9997,0.9997,0.0,1668056399999,0.0,0,0.0,0.0,0
2022-11-10 05:00:00,0.9997,0.9997,0.9997,0.9997,0.0,1668059999999,0.0,0,0.0,0.0,0
2022-11-10 06:00:00,0.9997,0.9997,0.9997,0.9997,0.0,1668063599999,0.0,0,0.0,0.0,0
2022-11-10 07:00:00,0.9997,0.9997,0.9997,0.9997,0.0,1668067199999,0.0,0,0.0,0.0,0
2022-11-10 08:00:00,0.9997,0.9997,0.9997,0.9997,0.0,1668070799999,0.0,0,0.0,0.0,0
2022-11-10 09:00:00,0.9997,0.9997,0.9997,0.9997,0.0,1668074399999,0.0,0,0.0,0.0,0
2022-11-10 10:00:00,0.9997,0.9997,0.9997,0.9997,0.0,1668077999999,0.0,0,0.0,0.0,0
2022-11-10 11:00:00,0.9997,0.9997,0.9997,0.9997,0.0,1668081599999,0.0,0,0.0,0.0,0
2022-11-10 12:00:00,0.9997,0.9997,0.9997,0.9997,0.0,1668085199999,0.0,0,0.0,0.0,0
2022-11-10 13:00:00,0.9997,1.0,0.9997,1.0,160146.0,1668088799999,160098.2628,4,1022.0,1022.0,0
2022-11-10 14:00:00,1.0,1.0,1.0,1.0,78.0,1668092399999,78.0,2,78.0,78.0,0
2022-11-10 15:00:00,1.0,1.0,1.0,1.0,27.0,1668095999999,27.0,2,27.0,27.0,0
2022-11-10 16:00:00,1.0,1.0,1.0,1.0,0.0,1668099599999,0.0,0,0.0,0.0,0
2022-11-10 17:00:00,1.0,1.0,1.0,1.0,0.0,1668103199999,0.0,0,0.0,0.0,0
2022-11-10 18:00:00,1.0,1.0,1.0,1.0,0.0,1668106799999,0.0,0,0.0,0.0,0
2022-11-10 19:00:00,1.0,1.0,1.0,1.0,0.0,1668110399999,0.0,0,0.0,0.0,0
2022-11-10 20:00:00,1.0,1.0,1.0,1.0,100.0,1668113999999,100.0,1,100.0,100.0,0
2022-11-10 21:00:00,1.0,1.0,1.0,1.0,0.0,1668117599999,0.0,0,0.0,0.0,0
2022-11-10 22:00:00,1.0,1.0,1.0,1.0,0.0,1668121199999,0.0,0,0.0,0.0,0
2022-11-10 23:00:00,1.0,1.0,1.0,1.0,0.0,1668124799999,0.0,0,0.0,0.0,0
2022-11-11 00:00:00,0.9997,0.9997,0.9997,0.9997,1004.0,1668128399999,1003.6988,2,0.0,0.0,0
2022-11-11 01:00:00,0.9997,0.9997,0.9997,0.9997,0.0,1668131999999,0.0,0,0.0,0.0,0
2022-11-11 02:00:00,1.0001,1.0001,1.0001,1.0001,10.0,1668135599999,10.001,1,10.0,10.001,0
2022-11-11 03:00:00,1.0001,1.0001,1.0001,1.0001,0.0,1668139199999,0.0,0,0.0,0.0,0
2022-11-11 04:00:00,1.0001,1.0001,1.0001,1.0001,0.0,1668142799999,0.0,0,0.0,0.0,0
2022-11-11 05:00:00,1.0001,1.0001,1.0001,1.0001,0.0,1668146399999,0.0,0,0.0,0.0,0
2022-11-11 06:00:00,1.0001,1.0001,1.0001,1.0001,0.0,1668149999999,0.0,0,0.0,0.0,0
2022-11-11 07:00:00,1.0001,1.0001,1.0001,1.0001,0.0,1668153599999,0.0,0,0.0,0.0,0
2022-11-11 08:00:00,1.0001,1.0001,1.0001,1.0001,0.0,1668157199999,0.0,0,0.0,0.0,0
2022-11-11 09:00:00,1.0001,1.0001,1.0001,1.0001,0.0,1668160799999,0.0,0,0.0,0.0,0
2022-11-11 10:00:00,1.0001,1.0001,1.0001,1.0001,0.0,1668164399999,0.0,0,0.0,0.0,0
2022-11-11 11:00:00,1.0001,1.0001,1.0001,1.0001,0.0,1668167999999,0.0,0,0.0,0.0,0
2022-11-11 12:00:00,0.9995,0.9995,0.9995,0.9995,994.0,1668171599999,993.503,1,0.0,0.0,0
2022-11-11 13:00:00,0.9995,0.9995,0.9995,0.9995,0.0,1668175199999,0.0,0,0.0,0.0,0
2022-11-11 14:00:00,0.9995,0.9995,0.9995,0.9995,0.0,1668178799999,0.0,0,0.0,0.0,0
2022-11-11 15:00:00,0.9995,0.9995,0.9995,0.9995,0.0,1668182399999,0.0,0,0.0,0.0,0
2022-11-11 16:00:00,1.0002,1.0002,1.0002,1.0002,100.0,1668185999999,100.02,1,100.0,100.02,0
2022-11-11 17:00:00,1.0002,1.0002,1.0002,1.0002,0.0,1668189599999,0.0,0,0.0,0.0,0
2022-11-11 18:00:00,1.0002,1.0002,1.0002,1.0002,0.0,1668193199999,0.0,0,0.0,0.0,0
2022-11-11 19:00:00,1.0002,1.0002,1.0002,1.0002,0.0,1668196799999,0.0,0,0.0,0.0,0
2022-11-11 20:00:00,1.0002,1.0002,1.0002,1.0002,0.0,1668200399999,0.0,0,0.0,0.0,0
2022-11-11 21:00:00,1.0002,1.0002,1.0002,1.0002,0.0,1668203999999,0.0,0,0.0,0.0,0
2022-11-11 22:00:00,1.0002,1.0002,1.0002,1.0002,0.0,1668207599999,0.0,0,0.0,0.0,0
2022-11-11 23:00:00,1.0001,1.0001,1.0001,1.0001,4993.0,1668211199999,4993.4993,1,0.0,0.0,0
2022-11-12 00:00:00,1.0001,1.0001,1.0001,1.0001,0.0,1668214799999,0.0,0,0.0,0.0,0
2022-11-12 01:00:00,1.0001,1.0001,1.0001,1.0001,0.0,1668218399999,0.0,0,0.0,0.0,0
2022-11-12 02:00:00,1.0001,1.0001,1.0001,1.0001,0.0,1668221999999,0.0,0,0.0,0.0,0
2022-11-12 03:00:00,1.0001,1.0001,1.0001,1.0001,0.0,1668225599999,0.0,0,0.0,0.0,0
2022-11-12 04:00:00,1.0001,1.0001,1.0001,1.0001,0.0,1668229199999,0.0,0,0.0,0.0,0
2022-11-12 05:00:00,1.0001,1.0001,1.0001,1.0001,0.0,1668232799999,0.0,0,0.0,0.0,0
2022-11-12 06:00:00,1.0001,1.0001,1.0001,1.0001,0.0,1668236399999,0.0,0,0.0,0.0,0
2022-11-12 07:00:00,1.0001,1.0001,1.0001,1.0001,0.0,1668239999999,0.0,0,0.0,0.0,0
2022-11-12 08:00:00,1.0001,1.0001,1.0001,1.0001,0.0,1668243599999,0.0,0,0.0,0.0,0
2022-11-12 09:00:00,1.0001,1.0001,1.0001,1.0001,0.0,1668247199999,0.0,0,0.0,0.0,0
2022-11-12 10:00:00,1.0001,1.0001,1.0001,1.0001,0.0,1668250799999,0.0,0,0.0,0.0,0
2022-11-12 11:00:00,0.9998,0.9998,0.9998,0.9998,21.0,1668254399999,20.9958,1,21.0,20.9958,0
2022-11-12 12:00:00,0.9998,0.9998,0.9998,0.9998,0.0,1668257999999,0.0,0,0.0,0.0,0
2022-11-12 13:00:00,0.9998,0.9998,0.9998,0.9998,0.0,1668261599999,0.0,0,0.0,0.0,0
2022-11-12 14:00:00,0.9998,0.9998,0.9998,0.9998,0.0,1668265199999,0.0,0,0.0,0.0,0
2022-11-12 15:00:00,0.9998,0.9998,0.9998,0.9998,0.0,1668268799999,0.0,0,0.0,0.0,0
2022-11-12 16:00:00,0.9998,0.9998,0.9998,0.9998,0.0,1668272399999,0.0,0,0.0,0.0,0
2022-11-12 17:00:00,0.9998,0.9998,0.9998,0.9998,0.0,1668275999999,0.0,0,0.0,0.0,0
2022-11-12 18:00:00,0.9998,0.9998,0.9998,0.9998,0.0,1668279599999,0.0,0,0.0,0.0,0
2022-11-12 19:00:00,0.9998,0.9998,0.9998,0.9998,0.0,1668283199999,0.0,0,0.0,0.0,0
2022-11-12 20:00:00,0.9998,0.9998,0.9998,0.9998,0.0,1668286799999,0.0,0,0.0,0.0,0
2022-11-12 21:00:00,0.9998,0.9998,0.9998,0.9998,0.0,1668290399999,0.0,0,0.0,0.0,0
2022-11-12 22:00:00,0.9998,0.9998,0.9998,0.9998,0.0,1668293999999,0.0,0,0.0,0.0,0
2022-11-12 23:00:00,0.9998,0.9998,0.9998,0.9998,0.0,1668297599999,0.0,0,0.0,0.0,0
2022-11-13 00:00:00,0.9998,0.9998,0.9998,0.9998,0.0,1668301199999,0.0,0,0.0,0.0,0
2022-11-13 01:00:00,0.9998,0.9998,0.9998,0.9998,0.0,1668304799999,0.0,0,0.0,0.0,0
2022-11-13 02:00:00,0.9998,0.9998,0.9998,0.9998,0.0,1668308399999,0.0,0,0.0,0.0,0
2022-11-13 03:00:00,0.9998,0.9998,0.9998,0.9998,0.0,1668311999999,0.0,0,0.0,0.0,0
2022-11-13 04:00:00,0.9998,0.9998,0.9998,0.9998,0.0,1668315599999,0.0,0,0.0,0.0,0
2022-11-13 05:00:00,0.9998,0.9998,0.9998,0.9998,0.0,1668319199999,0.0,0,0.0,0.0,0
2022-11-13 06:00:00,0.9998,0.9998,0.9998,0.9998,0.0,1668322799999,0.0,0,0.0,0.0,0
2022-11-13 07:00:00,0.9998,0.9998,0.9998,0.9998,19551.0,1668326399999,19547.0898,1,19551.0,19547.0898,0
2022-11-13 08:00:00,0.9998,0.9998,0.9998,0.9998,0.0,1668329999999,0.0,0,0.0,0.0,0
2022-11-13 09:00:00,0.9998,0.9998,0.9998,0.9998,0.0,1668333599999,0.0,0,0.0,0.0,0
2022-11-13 10:00:00,0.9998,0.9998,0.9998,0.9998,0.0,1668337199999,0.0,0,0.0,0.0,0
2022-11-13 11:00:00,0.9998,0.9998,0.9998,0.9998,0.0,1668340799999,0.0,0,0.0,0.0,0
2022-11-13 12:00:00,0.9998,0.9998,0.9998,0.9998,0.0,1668344399999,0.0,0,0.0,0.0,0
2022-11-13 13:00:00,0.9998,0.9998,0.9998,0.9998,0.0,1668347999999,0.0,0,0.0,0.0,0
2022-11-13 14:00:00,0.9998,0.9998,0.9998,0.9998,0.0,1668351599999,0.0,0,0.0,0.0,0
2022-11-13 15:00:00,0.9998,0.9998,0.9998,0.9998,0.0,1668355199999,0.0,0,0.0,0.0,0
2022-11-13 16:00:00,0.9998,0.9998,0.9998,0.9998,0.0,1668358799999,0.0,0,0.0,0.0,0
2022-11-13 17:00:00,0.9998,0.9998,0.9998,0.9998,0.0,1668362399999,0.0,0,0.0,0.0,0
2022-11-13 18:00:00,0.9998,0.9998,0.9998,0.9998,0.0,1668365999999,0.0,0,0.0,0.0,0
2022-11-13 19:00:00,0.9996,0.9996,0.9996,0.9996,32.0,1668369599999,31.9872,1,0.0,0.0,0
2022-11-13 20:00:00,0.9996,0.9996,0.9996,0.9996,0.0,1668373199999,0.0,0,0.0,0.0,0
2022-11-13 21:00:00,0.9996,0.9996,0.9996,0.9996,0.0,1668376799999,0.0,0,0.0,0.0,0
2022-11-13 22:00:00,0.9996,0.9996,0.9996,0.9996,111.0,1668380399999,110.9556,1,0.0,0.0,0
2022-11-13 23:00:00,0.9996,0.9996,0.9996,0.9996,0.0,1668383999999,0.0,0,0.0,0.0,0
2022-11-14 00:00:00,0.9996,0.9996,0.9996,0.9996,0.0,1668387599999,0.0,0,0.0,0.0,0
2022-11-14 01:00:00,0.9996,0.9996,0.9996,0.9996,0.0,1668391199999,0.0,0,0.0,0.0,0
2022-11-14 02:00:00,0.9998,0.9998,0.9998,0.9998,25.0,1668394799999,24.995,1,25.0,24.995,0
2022-11-14 03:00:00,0.9998,0.9998,0.9998,0.9998,49.0,1668398399999,48.9902,1,49.0,48.9902,0
2022-11-14 04:00:00,0.9998,0.9998,0.9998,0.9998,0.0,1668401999999,0.0,0,0.0,0.0,0
2022-11-14 05:00:00,0.9998,0.9998,0.9998,0.9998,0.0,1668405599999,0.0,0,0.0,0.0,0
2022-11-14 06:00:00,0.9998,0.9998,0.9998,0.9998,0.0,1668409199999,0.0,0,0.0,0.0,0
2022-11-14 07:00:00,0.9998,0.9998,0.9998,0.9998,0.0,1668412799999,0.0,0,0.0,0.0,0
2022-11-14 08:00:00,0.9998,0.9998,0.9998,0.9998,0.0,1668416399999,0.0,0,0.0,0.0,0
2022-11-14 09:00:00,0.9998,0.9998,0.9998,0.9998,0.0,1668419999999,0.0,0,0.0,0.0,0
2022-11-14 10:00:00,0.9998,0.9998,0.9998,0.9998,0.0,1668423599999,0.0,0,0.0,0.0,0
2022-11-14 11:00:00,0.9998,0.9998,0.9998,0.9998,0.0,1668427199999,0.0,0,0.0,0.0,0
2022-11-14 12:00:00,0.9998,0.9998,0.9998,0.9998,0.0,1668430799999,0.0,0,0.0,0.0,0
2022-11-14 13:00:00,0.9998,0.9998,0.9998,0.9998,0.0,1668434399999,0.0,0,0.0,0.0,0
2022-11-14 14:00:00,0.9998,0.9998,0.9998,0.9998,0.0,1668437999999,0.0,0,0.0,0.0,0
2022-11-14 15:00:00,0.9998,0.9998,0.9998,0.9998,0.0,1668441599999,0.0,0,0.0,0.0,0
2022-11-14 16:00:00,0.9998,0.9998,0.9998,0.9998,0.0,1668445199999,0.0,0,0.0,0.0,0
2022-11-14 17:00:00,0.9998,0.9998,0.9998,0.9998,0.0,1668448799999,0.0,0,0.0,0.0,0
2022-11-14 18:00:00,0.9998,0.9998,0.9998,0.9998,0.0,1668452399999,0.0,0,0.0,0.0,0
2022-11-14 19:00:00,0.9998,0.9998,0.9998,0.9998,0.0,1668455999999,0.0,0,0.0,0.0,0
2022-11-14 20:00:00,0.9998,0.9998,0.9998,0.9998,0.0,1668459599999,0.0,0,0.0,0.0,0
2022-11-14 21:00:00,0.9998,0.9998,0.9998,0.9998,0.0,1668463199999,0.0,0,0.0,0.0,0
2022-11-14 22:00:00,0.9998,0.9998,0.9998,0.9998,0.0,1668466799999,0.0,0,0.0,0.0,0
2022-11-14 23:00:00,0.9998,0.9998,0.9998,0.9998,0.0,1668470399999,0.0,0,0.0,0.0,0
2022-11-15 00:00:00,0.9999,0.9999,0.9997,0.9997,31.0,1668473999999,30.9939,2,16.0,15.9984,0
2022-11-15 01:00:00,0.9997,0.9997,0.9997,0.9997,0.0,1668477599999,0.0,0,0.0,0.0,0
2022-11-15 02:00:00,0.9997,0.9997,0.9997,0.9997,0.0,1668481199999,0.0,0,0.0,0.0,0
2022-11-15 03:00:00,0.9997,0.9997,0.9997,0.9997,0.0,1668484799999,0.0,0,0.0,0.0,0
2022-11-15 04:00:00,0.9997,0.9997,0.9997,0.9997,0.0,1668488399999,0.0,0,0.0,0.0,0
2022-11-15 05:00:00,0.9997,0.9997,0.9997,0.9997,0.0,1668491999999,0.0,0,0.0,0.0,0
2022-11-15 06:00:00,0.9997,0.9997,0.9997,0.9997,0.0,1668495599999,0.0,0,0.0,0.0,0
2022-11-15 07:00:00,0.9997,0.9997,0.9997,0.9997,0.0,1668499199999,0.0,0,0.0,0.0,0
2022-11-15 08:00:00,0.9997,0.9997,0.9997,0.9997,0.0,1668502799999,0.0,0,0.0,0.0,0
2022-11-15 09:00:00,0.9997,0.9997,0.9997,0.9997,0.0,1668506399999,0.0,0,0.0,0.0,0
2022-11-15 10:00:00,0.9997,0.9997,0.9997,0.9997,0.0,1668509999999,0.0,0,0.0,0.0,0
2022-11-15 11:00:00,0.9997,0.9997,0.9997,0.9997,0.0,1668513599999,0.0,0,0.0,0.0,0
2022-11-15 12:00:00,0.9997,0.9997,0.9997,0.9997,0.0,1668517199999,0.0,0,0.0,0.0,0
2022-11-15 13:00:00,0.9997,0.9997,0.9997,0.9997,0.0,1668520799999,0.0,0,0.0,0.0,0
2022-11-15 14:00:00,0.9997,0.9997,0.9997,0.9997,0.0,1668524399999,0.0,0,0.0,0.0,0
2022-11-15 15:00:00,0.9997,0.9997,0.9997,0.9997,0.0,1668527999999,0.0,0,0.0,0.0,0
2022-11-15 16:00:00,0.9997,0.9997,0.9997,0.9997,0.0,1668531599999,0.0,0,0.0,0.0,0
2022-11-15 17:00:00,0.9997,0.9997,0.9997,0.9997,0.0,1668535199999,0.0,0,0.0,0.0,0
2022-11-15 18:00:00,0.9997,0.9997,0.9997,0.9997,0.0,1668538799999,0.0,0,0.0,0.0,0
2022-11-15 19:00:00,0.9997,0.9997,0.9997,0.9997,0.0,1668542399999,0.0,0,0.0,0.0,0
2022-11-15 20:00:00,0.9997,0.9997,0.9997,0.9997,0.0,1668545999999,0.0,0,0.0,0.0,0
2022-11-15 21:00:00,0.9997,0.9997,0.9997,0.9997,0.0,1668549599999,0.0,0,0.0,0.0,0
2022-11-15 22:00:00,0.9997,0.9997,0.9997,0.9997,0.0,1668553199999,0.0,0,0.0,0.0,0
2022-11-15 23:00:00,0.9997,0.9997,0.9997,0.9997,0.0,1668556799999,0.0,0,0.0,0.0,0
2022-11-16 00:00:00,0.9997,0.9997,0.9997,0.9997,69.0,1668560399999,68.9793,1,0.0,0.0,0
2022-11-16 01:00:00,0.9997,0.9997,0.9997,0.9997,0.0,1668563999999,0.0,0,0.0,0.0,0
2022-11-16 02:00:00,0.9997,0.9997,0.9997,0.9997,0.0,1668567599999,0.0,0,0.0,0.0,0
2022-11-16 03:00:00,0.9997,0.9997,0.9997,0.9997,0.0,1668571199999,0.0,0,0.0,0.0,0
2022-11-16 04:00:00,0.9997,0.9997,0.9997,0.9997,0.0,1668574799999,0.0,0,0.0,0.0,0
2022-11-16 05:00:00,0.9997,0.9997,0.9997,0.9997,0.0,1668578399999,0.0,0,0.0,0.0,0
2022-11-16 06:00:00,0.9997,0.9997,0.9997,0.9997,0.0,1668581999999,0.0,0,0.0,0.0,0
2022-11-16 07:00:00,0.9997,0.9997,0.9997,0.9997,0.0,1668585599999,0.0,0,0.0,0.0,0
2022-11-16 08:00:00,0.9997,0.9997,0.9997,0.9997,0.0,1668589199999,0.0,0,0.0,0.0,0
2022-11-16 09:00:00,0.9997,0.9997,0.9997,0.9997,0.0,1668592799999,0.0,0,0.0,0.0,0
2022-11-16 10:00:00,0.9997,0.9997,0.9997,0.9997,0.0,1668596399999,0.0,0,0.0,0.0,0
2022-11-16 11:00:00,0.9997,0.9997,0.9997,0.9997,0.0,1668599999999,0.0,0,0.0,0.0,0
2022-11-16 12:00:00,0.9997,0.9997,0.9997,0.9997,0.0,1668603599999,0.0,0,0.0,0.0,0
2022-11-16 13:00:00,0.9997,0.9997,0.9997,0.9997,0.0,1668607199999,0.0,0,0.0,0.0,0
2022-11-16 14:00:00,0.9997,0.9997,0.9997,0.9997,0.0,1668610799999,0.0,0,0.0,0.0,0
2022-11-16 15:00:00,0.9997,0.9997,0.9997,0.9997,0.0,1668614399999,0.0,0,0.0,0.0,0
2022-11-16 16:00:00,0.9997,0.9997,0.9997,0.9997,0.0,1668617999999,0.0,0,0.0,0.0,0
2022-11-16 17:00:00,0.9997,0.9997,0.9997,0.9997,0.0,1668621599999,0.0,0,0.0,0.0,0
2022-11-16 18:00:00,0.9997,0.9997,0.9997,0.9997,0.0,1668625199999,0.0,0,0.0,0.0,0
2022-11-16 19:00:00,0.9997,0.9997,0.9997,0.9997,0.0,1668628799999,0.0,0,0.0,0.0,0
2022-11-16 20:00:00,1.0,1.0,1.0,1.0,9780.0,1668632399999,9780.0,1,9780.0,9780.0,0
2022-11-16 21:00:00,1.0,1.0,1.0,1.0,0.0,1668635999999,0.0,0,0.0,0.0,0
2022-11-16 22:00:00,1.0,1.0,1.0,1.0,0.0,1668639599999,0.0,0,0.0,0.0,0
2022-11-16 23:00:00,1.0,1.0,1.0,1.0,0.0,1668643199999,0.0,0,0.0,0.0,0
2022-11-17 00:00:00,1.0,1.0,0.9997,1.0,244.0,1668646799999,243.9649,3,127.0,127.0,0
2022-11-17 01:00:00,0.9997,0.9997,0.9997,0.9997,21.0,1668650399999,20.9937,1,0.0,0.0,0
2022-11-17 02:00:00,0.9997,0.9997,0.9997,0.9997,0.0,1668653999999,0.0,0,0.0,0.0,0
2022-11-17 03:00:00,0.9997,0.9997,0.9997,0.9997,0.0,1668657599999,0.0,0,0.0,0.0,0
2022-11-17 04:00:00,0.9997,0.9997,0.9997,0.9997,0.0,1668661199999,0.0,0,0.0,0.0,0
2022-11-17 05:00:00,0.9997,0.9997,0.9997,0.9997,0.0,1668664799999,0.0,0,0.0,0.0,0
2022-11-17 06:00:00,0.9997,0.9997,0.9997,0.9997,0.0,1668668399999,0.0,0,0.0,0.0,0
2022-11-17 07:00:00,0.9997,0.9997,0.9997,0.9997,0.0,1668671999999,0.0,0,0.0,0.0,0
2022-11-17 08:00:00,0.9997,0.9997,0.9997,0.9997,0.0,1668675599999,0.0,0,0.0,0.0,0
2022-11-17 09:00:00,0.9997,0.9997,0.9997,0.9997,0.0,1668679199999,0.0,0,0.0,0.0,0
2022-11-17 10:00:00,0.9997,0.9997,0.9997,0.9997,0.0,1668682799999,0.0,0,0.0,0.0,0
2022-11-17 11:00:00,0.9997,0.9997,0.9997,0.9997,0.0,1668686399999,0.0,0,0.0,0.0,0
2022-11-17 12:00:00,0.9997,0.9997,0.9997,0.9997,0.0,1668689999999,0.0,0,0.0,0.0,0
2022-11-17 13:00:00,0.9997,0.9997,0.9997,0.9997,0.0,1668693599999,0.0,0,0.0,0.0,0
2022-11-17 14:00:00,0.9997,0.9997,0.9997,0.9997,0.0,1668697199999,0.0,0,0.0,0.0,0
2022-11-17 15:00:00,0.9997,0.9997,0.9997,0.9997,0.0,1668700799999,0.0,0,0.0,0.0,0
2022-11-17 16:00:00,0.9997,0.9997,0.9997,0.9997,0.0,1668704399999,0.0,0,0.0,0.0,0
2022-11-17 17:00:00,0.9997,0.9997,0.9997,0.9997,0.0,1668707999999,0.0,0,0.0,0.0,0
2022-11-17 18:00:00,0.9997,0.9997,0.9997,0.9997,0.0,1668711599999,0.0,0,0.0,0.0,0
2022-11-17 19:00:00,0.9997,0.9997,0.9997,0.9997,0.0,1668715199999,0.0,0,0.0,0.0,0
2022-11-17 20:00:00,0.9997,0.9997,0.9997,0.9997,0.0,1668718799999,0.0,0,0.0,0.0,0
2022-11-17 21:00:00,1.0,1.0,1.0,1.0,26.0,1668722399999,26.0,1,26.0,26.0,0
2022-11-17 22:00:00,1.0,1.0,1.0,1.0,0.0,1668725999999,0.0,0,0.0,0.0,0
2022-11-17 23:00:00,0.9997,0.9997,0.9997,0.9997,54.0,1668729599999,53.9838,1,0.0,0.0,0
2022-11-18 00:00:00,0.9997,0.9997,0.9997,0.9997,0.0,1668733199999,0.0,0,0.0,0.0,0
2022-11-18 01:00:00,0.9997,0.9997,0.9997,0.9997,0.0,1668736799999,0.0,0,0.0,0.0,0
2022-11-18 02:00:00,1.0,1.0,1.0,1.0,5158.0,1668740399999,5158.0,1,0.0,0.0,0
2022-11-18 03:00:00,1.0,1.0,1.0,1.0,0.0,1668743999999,0.0,0,0.0,0.0,0
2022-11-18 04:00:00,1.0,1.0,1.0,1.0,0.0,1668747599999,0.0,0,0.0,0.0,0
2022-11-18 05:00:00,1.0,1.0,1.0,1.0,0.0,1668751199999,0.0,0,0.0,0.0,0
2022-11-18 06:00:00,1.0,1.0,1.0,1.0,0.0,1668754799999,0.0,0,0.0,0.0,0
2022-11-18 07:00:00,1.0,1.0,1.0,1.0,0.0,1668758399999,0.0,0,0.0,0.0,0
2022-11-18 08:00:00,1.0,1.0,0.9997,0.9997,95.0,1668761999999,94.9859,2,48.0,48.0,0
2022-11-18 09:00:00,0.9997,0.9997,0.9997,0.9997,0.0,1668765599999,0.0,0,0.0,0.0,0
2022-11-18 10:00:00,0.9997,0.9997,0.9997,0.9997,0.0,1668769199999,0.0,0,0.0,0.0,0
2022-11-18 11:00:00,0.9997,0.9997,0.9997,0.9997,0.0,1668772799999,0.0,0,0.0,0.0,0
2022-11-18 12:00:00,0.9997,0.9997,0.9997,0.9997,0.0,1668776399999,0.0,0,0.0,0.0,0
2022-11-18 13:00:00,0.9997,0.9997,0.9997,0.9997,0.0,1668779999999,0.0,0,0.0,0.0,0
2022-11-18 14:00:00,0.9997,0.9997,0.9997,0.9997,0.0,1668783599999,0.0,0,0.0,0.0,0
2022-11-18 15:00:00,0.9997,0.9997,0.9997,0.9997,0.0,1668787199999,0.0,0,0.0,0.0,0
2022-11-18 16:00:00,0.9997,0.9997,0.9997,0.9997,0.0,1668790799999,0.0,0,0.0,0.0,0
2022-11-18 17:00:00,0.9997,0.9997,0.9997,0.9997,0.0,1668794399999,0.0,0,0.0,0.0,0
2022-11-18 18:00:00,0.9997,0.9997,0.9997,0.9997,0.0,1668797999999,0.0,0,0.0,0.0,0
2022-11-18 19:00:00,0.9997,0.9997,0.9997,0.9997,0.0,1668801599999,0.0,0,0.0,0.0,0
2022-11-18 20:00:00,0.9997,0.9997,0.9997,0.9997,0.0,1668805199999,0.0,0,0.0,0.0,0
2022-11-18 21:00:00,0.9997,0.9997,0.9997,0.9997,0.0,1668808799999,0.0,0,0.0,0.0,0
2022-11-18 22:00:00,0.9997,0.9997,0.9997,0.9997,0.0,1668812399999,0.0,0,0.0,0.0,0
2022-11-18 23:00:00,0.9997,0.9997,0.9997,0.9997,0.0,1668815999999,0.0,0,0.0,0.0,0
2022-11-19 00:00:00,0.9997,0.9997,0.9997,0.9997,0.0,1668819599999,0.0,0,0.0,0.0,0
2022-11-19 01:00:00,0.9997,0.9997,0.9997,0.9997,0.0,1668823199999,0.0,0,0.0,0.0,0
2022-11-19 02:00:00,0.9997,0.9997,0.9997,0.9997,0.0,1668826799999,0.0,0,0.0,0.0,0
2022-11-19 03:00:00,0.9997,0.9997,0.9997,0.9997,0.0,1668830399999,0.0,0,0.0,0.0,0
2022-11-19 04:00:00,0.9997,0.9997,0.9997,0.9997,0.0,1668833999999,0.0,0,0.0,0.0,0
2022-11-19 05:00:00,0.9997,0.9997,0.9997,0.9997,0.0,1668837599999,0.0,0,0.0,0.0,0
2022-11-19 06:00:00,0.9997,0.9997,0.9997,0.9997,0.0,1668841199999,0.0,0,0.0,0.0,0
2022-11-19 07:00:00,0.9997,0.9997,0.9997,0.9997,0.0,1668844799999,0.0,0,0.0,0.0,0
2022-11-19 08:00:00,0.9997,0.9997,0.9997,0.9997,0.0,1668848399999,0.0,0,0.0,0.0,0
2022-11-19 09:00:00,0.9997,0.9997,0.9997,0.9997,0.0,1668851999999,0.0,0,0.0,0.0,0
2022-11-19 10:00:00,0.9997,0.9997,0.9997,0.9997,0.0,1668855599999,0.0,0,0.0,0.0,0
2022-11-19 11:00:00,0.9997,0.9997,0.9997,0.9997,0.0,1668859199999,0.0,0,0.0,0.0,0
2022-11-19 12:00:00,0.9997,0.9997,0.9997,0.9997,0.0,1668862799999,0.0,0,0.0,0.0,0
2022-11-19 13:00:00,0.9997,0.9997,0.9997,0.9997,0.0,1668866399999,0.0,0,0.0,0.0,0
2022-11-19 14:00:00,0.9997,0.9997,0.9997,0.9997,0.0,1668869999999,0.0,0,0.0,0.0,0
2022-11-19 15:00:00,0.9997,0.9997,0.9997,0.9997,0.0,1668873599999,0.0,0,0.0,0.0,0
2022-11-19 16:00:00,0.9997,0.9997,0.9997,0.9997,0.0,1668877199999,0.0,0,0.0,0.0,0
2022-11-19 17:00:00,0.9997,0.9997,0.9997,0.9997,0.0,1668880799999,0.0,0,0.0,0.0,0
2022-11-19 18:00:00,0.9997,0.9997,0.9997,0.9997,0.0,1668884399999,0.0,0,0.0,0.0,0
2022-11-19 19:00:00,0.9997,0.9997,0.9997,0.9997,0.0,1668887999999,0.0,0,0.0,0.0,0
2022-11-19 20:00:00,0.9997,0.9997,0.9997,0.9997,0.0,1668891599999,0.0,0,0.0,0.0,0
2022-11-19 21:00:00,0.9997,0.9997,0.9997,0.9997,0.0,1668895199999,0.0,0,0.0,0.0,0
2022-11-19 22:00:00,0.9997,0.9997,0.9997,0.9997,0.0,1668898799999,0.0,0,0.0,0.0,0
2022-11-19 23:00:00,0.9997,0.9997,0.9997,0.9997,0.0,1668902399999,0.0,0,0.0,0.0,0
2022-11-20 00:00:00,0.9997,0.9997,0.9997,0.9997,0.0,1668905999999,0.0,0,0.0,0.0,0
2022-11-20 01:00:00,0.9997,0.9997,0.9997,0.9997,0.0,1668909599999,0.0,0,0.0,0.0,0
2022-11-20 02:00:00,0.9997,0.9997,0.9997,0.9997,0.0,1668913199999,0.0,0,0.0,0.0,0
2022-11-20 03:00:00,0.9997,0.9997,0.9997,0.9997,0.0,1668916799999,0.0,0,0.0,0.0,0
2022-11-20 04:00:00,0.9997,0.9997,0.9997,0.9997,0.0,1668920399999,0.0,0,0.0,0.0,0
2022-11-20 05:00:00,0.9997,0.9997,0.9997,0.9997,0.0,1668923999999,0.0,0,0.0,0.0,0
2022-11-20 06:00:00,0.9997,0.9997,0.9997,0.9997,0.0,1668927599999,0.0,0,0.0,0.0,0
2022-11-20 07:00:00,0.9997,0.9997,0.9997,0.9997,0.0,1668931199999,0.0,0,0.0,0.0,0
2022-11-20 08:00:00,0.9997,0.9997,0.9997,0.9997,0.0,1668934799999,0.0,0,0.0,0.0,0
2022-11-20 09:00:00,0.9997,0.9997,0.9997,0.9997,0.0,1668938399999,0.0,0,0.0,0.0,0
2022-11-20 10:00:00,0.9997,0.9997,0.9997,0.9997,0.0,1668941999999,0.0,0,0.0,0.0,0
2022-11-20 11:00:00,0.9997,0.9997,0.9997,0.9997,0.0,1668945599999,0.0,0,0.0,0.0,0
2022-11-20 12:00:00,0.9997,0.9997,0.9997,0.9997,0.0,1668949199999,0.0,0,0.0,0.0,0
2022-11-20 13:00:00,0.9997,0.9997,0.9997,0.9997,0.0,1668952799999,0.0,0,0.0,0.0,0
2022-11-20 14:00:00,0.9997,0.9997,0.9997,0.9997,0.0,1668956399999,0.0,0,0.0,0.0,0
2022-11-20 15:00:00,0.9997,0.9997,0.9997,0.9997,0.0,1668959999999,0.0,0,0.0,0.0,0
2022-11-20 16:00:00,0.9997,0.9997,0.9997,0.9997,0.0,1668963599999,0.0,0,0.0,0.0,0
2022-11-20 17:00:00,0.9997,0.9997,0.9997,0.9997,0.0,1668967199999,0.0,0,0.0,0.0,0
2022-11-20 18:00:00,0.9999,0.9999,0.9999,0.9999,40.0,1668970799999,39.996,1,40.0,39.996,0
2022-11-20 19:00:00,0.9999,0.9999,0.9999,0.9999,0.0,1668974399999,0.0,0,0.0,0.0,0
2022-11-20 20:00:00,0.9999,0.9999,0.9999,0.9999,0.0,1668977999999,0.0,0,0.0,0.0,0
2022-11-20 21:00:00,0.9999,0.9999,0.9999,0.9999,0.0,1668981599999,0.0,0,0.0,0.0,0
2022-11-20 22:00:00,0.9999,0.9999,0.9999,0.9999,0.0,1668985199999,0.0,0,0.0,0.0,0
2022-11-20 23:00:00,0.9999,0.9999,0.9999,0.9999,0.0,1668988799999,0.0,0,0.0,0.0,0
2022-11-21 00:00:00,0.9999,0.9999,0.9999,0.9999,0.0,1668992399999,0.0,0,0.0,0.0,0
2022-11-21 01:00:00,0.9999,0.9999,0.9999,0.9999,0.0,1668995999999,0.0,0,0.0,0.0,0
2022-11-21 02:00:00,0.9999,0.9999,0.9999,0.9999,0.0,1668999599999,0.0,0,0.0,0.0,0
2022-11-21 03:00:00,0.9999,0.9999,0.9999,0.9999,0.0,1669003199999,0.0,0,0.0,0.0,0
2022-11-21 04:00:00,0.9999,0.9999,0.9999,0.9999,0.0,1669006799999,0.0,0,0.0,0.0,0
2022-11-21 05:00:00,0.9999,0.9999,0.9999,0.9999,56.0,1669010399999,55.9944,1,56.0,55.9944,0
2022-11-21 06:00:00,0.9999,0.9999,0.9999,0.9999,0.0,1669013999999,0.0,0,0.0,0.0,0
2022-11-21 07:00:00,0.9999,0.9999,0.9999,0.9999,0.0,1669017599999,0.0,0,0.0,0.0,0
2022-11-21 08:00:00,0.9999,0.9999,0.9999,0.9999,0.0,1669021199999,0.0,0,0.0,0.0,0
2022-11-21 09:00:00,0.9999,0.9999,0.9999,0.9999,0.0,1669024799999,0.0,0,0.0,0.0,0
2022-11-21 10:00:00,0.9999,0.9999,0.9999,0.9999,0.0,1669028399999,0.0,0,0.0,0.0,0
2022-11-21 11:00:00,0.9999,0.9999,0.9999,0.9999,0.0,1669031999999,0.0,0,0.0,0.0,0
2022-11-21 12:00:00,0.9999,0.9999,0.9999,0.9999,0.0,1669035599999,0.0,0,0.0,0.0,0
2022-11-21 13:00:00,0.9999,0.9999,0.9999,0.9999,0.0,1669039199999,0.0,0,0.0,0.0,0
2022-11-21 14:00:00,0.9999,0.9999,0.9999,0.9999,0.0,1669042799999,0.0,0,0.0,0.0,0
2022-11-21 15:00:00,0.9999,0.9999,0.9999,0.9999,0.0,1669046399999,0.0,0,0.0,0.0,0
2022-11-21 16:00:00,0.9999,0.9999,0.9999,0.9999,0.0,1669049999999,0.0,0,0.0,0.0,0
2022-11-21 17:00:00,0.9999,0.9999,0.9999,0.9999,0.0,1669053599999,0.0,0,0.0,0.0,0
2022-11-21 18:00:00,0.9999,0.9999,0.9999,0.9999,0.0,1669057199999,0.0,0,0.0,0.0,0
2022-11-21 19:00:00,0.9999,0.9999,0.9999,0.9999,11.0,1669060799999,10.9989,1,11.0,10.9989,0
2022-11-21 20:00:00,0.9999,0.9999,0.9999,0.9999,0.0,1669064399999,0.0,0,0.0,0.0,0
2022-11-21 21:00:00,0.9998,0.9998,0.9998,0.9998,183.0,1669067999999,182.9634,1,0.0,0.0,0
2022-11-21 22:00:00,0.9998,0.9998,0.9998,0.9998,0.0,1669071599999,0.0,0,0.0,0.0,0
2022-11-21 23:00:00,0.9999,0.9999,0.9999,0.9999,38.0,1669075199999,37.9962,1,38.0,37.9962,0
2022-11-22 00:00:00,0.9999,0.9999,0.9999,0.9999,0.0,1669078799999,0.0,0,0.0,0.0,0
2022-11-22 01:00:00,0.9999,0.9999,0.9999,0.9999,0.0,1669082399999,0.0,0,0.0,0.0,0
2022-11-22 02:00:00,0.9998,0.9998,0.9998,0.9998,212.0,1669085999999,211.9576,1,0.0,0.0,0
2022-11-22 03:00:00,0.9998,0.9998,0.9998,0.9998,0.0,1669089599999,0.0,0,0.0,0.0,0
2022-11-22 04:00:00,0.9998,0.9998,0.9998,0.9998,0.0,1669093199999,0.0,0,0.0,0.0,0
2022-11-22 05:00:00,0.9998,0.9998,0.9998,0.9998,0.0,1669096799999,0.0,0,0.0,0.0,0
2022-11-22 06:00:00,0.9998,0.9998,0.9998,0.9998,0.0,1669100399999,0.0,0,0.0,0.0,0
2022-11-22 07:00:00,0.9998,0.9998,0.9998,0.9998,0.0,1669103999999,0.0,0,0.0,0.0,0
2022-11-22 08:00:00,0.9998,0.9998,0.9998,0.9998,0.0,1669107599999,0.0,0,0.0,0.0,0
2022-11-22 09:00:00,0.9998,0.9998,0.9998,0.9998,0.0,1669111199999,0.0,0,0.0,0.0,0
2022-11-22 10:00:00,0.9998,0.9998,0.9998,0.9998,0.0,1669114799999,0.0,0,0.0,0.0,0
2022-11-22 11:00:00,0.9998,0.9998,0.9998,0.9998,0.0,1669118399999,0.0,0,0.0,0.0,0
2022-11-22 12:00:00,0.9998,0.9998,0.9998,0.9998,0.0,1669121999999,0.0,0,0.0,0.0,0
2022-11-22 13:00:00,0.9998,0.9998,0.9998,0.9998,0.0,1669125599999,0.0,0,0.0,0.0,0
2022-11-22 14:00:00,0.9998,0.9998,0.9998,0.9998,0.0,1669129199999,0.0,0,0.0,0.0,0
2022-11-22 15:00:00,0.9998,0.9998,0.9998,0.9998,0.0,1669132799999,0.0,0,0.0,0.0,0
2022-11-22 16:00:00,0.9998,0.9998,0.9998,0.9998,0.0,1669136399999,0.0,0,0.0,0.0,0
2022-11-22 17:00:00,0.9998,0.9998,0.9998,0.9998,0.0,1669139999999,0.0,0,0.0,0.0,0
2022-11-22 18:00:00,0.9998,0.9998,0.9998,0.9998,0.0,1669143599999,0.0,0,0.0,0.0,0
2022-11-22 19:00:00,0.9998,0.9998,0.9998,0.9998,0.0,1669147199999,0.0,0,0.0,0.0,0
2022-11-22 20:00:00,0.9998,0.9998,0.9998,0.9998,0.0,1669150799999,0.0,0,0.0,0.0,0
2022-11-22 21:00:00,0.9998,0.9998,0.9998,0.9998,0.0,1669154399999,0.0,0,0.0,0.0,0
2022-11-22 22:00:00,0.9998,0.9998,0.9998,0.9998,0.0,1669157999999,0.0,0,0.0,0.0,0
2022-11-22 23:00:00,0.9998,0.9998,0.9998,0.9998,0.0,1669161599999,0.0,0,0.0,0.0,0
2022-11-23 00:00:00,0.9998,0.9998,0.9998,0.9998,0.0,1669165199999,0.0,0,0.0,0.0,0
2022-11-23 01:00:00,0.9998,0.9998,0.9998,0.9998,0.0,1669168799999,0.0,0,0.0,0.0,0
2022-11-23 02:00:00,0.9998,0.9998,0.9998,0.9998,0.0,1669172399999,0.0,0,0.0,0.0,0
2022-11-23 03:00:00,0.9998,0.9998,0.9998,0.9998,0.0,1669175999999,0.0,0,0.0,0.0,0
2022-11-23 04:00:00,0.9998,0.9998,0.9998,0.9998,0.0,1669179599999,0.0,0,0.0,0.0,0
2022-11-23 05:00:00,0.9998,0.9998,0.9998,0.9998,0.0,1669183199999,0.0,0,0.0,0.0,0
2022-11-23 06:00:00,0.9998,0.9998,0.9998,0.9998,0.0,1669186799999,0.0,0,0.0,0.0,0
2022-11-23 07:00:00,0.9998,0.9998,0.9998,0.9998,0.0,1669190399999,0.0,0,0.0,0.0,0
2022-11-23 08:00:00,0.9998,0.9998,0.9998,0.9998,0.0,1669193999999,0.0,0,0.0,0.0,0
2022-11-23 09:00:00,0.9998,0.9998,0.9998,0.9998,0.0,1669197599999,0.0,0,0.0,0.0,0
2022-11-23 10:00:00,0.9998,0.9998,0.9998,0.9998,0.0,1669201199999,0.0,0,0.0,0.0,0
2022-11-23 11:00:00,0.9998,0.9998,0.9998,0.9998,0.0,1669204799999,0.0,0,0.0,0.0,0
2022-11-23 12:00:00,0.9998,0.9998,0.9998,0.9998,0.0,1669208399999,0.0,0,0.0,0.0,0
2022-11-23 13:00:00,0.9998,0.9998,0.9998,0.9998,0.0,1669211999999,0.0,0,0.0,0.0,0
2022-11-23 14:00:00,0.9998,0.9998,0.9998,0.9998,0.0,1669215599999,0.0,0,0.0,0.0,0
2022-11-23 15:00:00,0.9998,0.9998,0.9998,0.9998,0.0,1669219199999,0.0,0,0.0,0.0,0
2022-11-23 16:00:00,0.9998,0.9998,0.9998,0.9998,0.0,1669222799999,0.0,0,0.0,0.0,0
2022-11-23 17:00:00,0.9998,0.9998,0.9998,0.9998,0.0,1669226399999,0.0,0,0.0,0.0,0
2022-11-23 18:00:00,0.9998,0.9998,0.9998,0.9998,0.0,1669229999999,0.0,0,0.0,0.0,0
2022-11-23 19:00:00,0.9998,0.9998,0.9998,0.9998,0.0,1669233599999,0.0,0,0.0,0.0,0
2022-11-23 20:00:00,0.9998,0.9998,0.9998,0.9998,0.0,1669237199999,0.0,0,0.0,0.0,0
2022-11-23 21:00:00,0.9998,0.9998,0.9998,0.9998,0.0,1669240799999,0.0,0,0.0,0.0,0
2022-11-23 22:00:00,0.9998,0.9998,0.9998,0.9998,0.0,1669244399999,0.0,0,0.0,0.0,0
2022-11-23 23:00:00,0.9998,0.9998,0.9998,0.9998,0.0,1669247999999,0.0,0,0.0,0.0,0
2022-11-24 00:00:00,0.9998,0.9998,0.9998,0.9998,0.0,1669251599999,0.0,0,0.0,0.0,0
2022-11-24 01:00:00,0.9998,0.9998,0.9998,0.9998,0.0,1669255199999,0.0,0,0.0,0.0,0
2022-11-24 02:00:00,0.9998,0.9998,0.9998,0.9998,0.0,1669258799999,0.0,0,0.0,0.0,0
2022-11-24 03:00:00,0.9998,0.9998,0.9998,0.9998,0.0,1669262399999,0.0,0,0.0,0.0,0
2022-11-24 04:00:00,0.9998,0.9998,0.9998,0.9998,0.0,1669265999999,0.0,0,0.0,0.0,0
2022-11-24 05:00:00,0.9998,0.9998,0.9998,0.9998,0.0,1669269599999,0.0,0,0.0,0.0,0
2022-11-24 06:00:00,0.9998,0.9998,0.9998,0.9998,0.0,1669273199999,0.0,0,0.0,0.0,0
2022-11-24 07:00:00,0.9998,0.9998,0.9998,0.9998,0.0,1669276799999,0.0,0,0.0,0.0,0
2022-11-24 08:00:00,0.9998,0.9998,0.9998,0.9998,0.0,1669280399999,0.0,0,0.0,0.0,0
2022-11-24 09:00:00,0.9998,0.9998,0.9998,0.9998,0.0,1669283999999,0.0,0,0.0,0.0,0
2022-11-24 10:00:00,0.9998,0.9998,0.9998,0.9998,0.0,1669287599999,0.0,0,0.0,0.0,0
2022-11-24 11:00:00,0.9998,0.9998,0.9998,0.9998,0.0,1669291199999,0.0,0,0.0,0.0,0
2022-11-24 12:00:00,0.9998,0.9998,0.9998,0.9998,0.0,1669294799999,0.0,0,0.0,0.0,0
2022-11-24 13:00:00,0.9998,0.9998,0.9998,0.9998,0.0,1669298399999,0.0,0,0.0,0.0,0
2022-11-24 14:00:00,0.9998,0.9998,0.9998,0.9998,0.0,1669301999999,0.0,0,0.0,0.0,0
2022-11-24 15:00:00,0.9998,0.9998,0.9998,0.9998,0.0,1669305599999,0.0,0,0.0,0.0,0
2022-11-24 16:00:00,0.9998,0.9998,0.9998,0.9998,0.0,1669309199999,0.0,0,0.0,0.0,0
2022-11-24 17:00:00,0.9998,0.9998,0.9998,0.9998,0.0,1669312799999,0.0,0,0.0,0.0,0
2022-11-24 18:00:00,0.9998,0.9998,0.9998,0.9998,0.0,1669316399999,0.0,0,0.0,0.0,0
2022-11-24 19:00:00,1.0003,1.0003,1.0,1.0,115.0,1669319999999,115.0219,2,73.0,73.0219,0
2022-11-24 20:00:00,1.0,1.0,1.0,1.0,0.0,1669323599999,0.0,0,0.0,0.0,0
2022-11-24 21:00:00,1.0,1.0,1.0,1.0,0.0,1669327199999,0.0,0,0.0,0.0,0
2022-11-24 22:00:00,1.0,1.0,1.0,1.0,0.0,1669330799999,0.0,0,0.0,0.0,0
2022-11-24 23:00:00,1.0,1.0,1.0,1.0,0.0,1669334399999,0.0,0,0.0,0.0,0
2022-11-25 00:00:00,1.0,1.0,1.0,1.0,0.0,1669337999999,0.0,0,0.0,0.0,0
2022-11-25 01:00:00,1.0,1.0,1.0,1.0,0.0,1669341599999,0.0,0,0.0,0.0,0
2022-11-25 02:00:00,1.0,1.0,1.0,1.0,0.0,1669345199999,0.0,0,0.0,0.0,0
2022-11-25 03:00:00,1.0,1.0,1.0,1.0,0.0,1669348799999,0.0,0,0.0,0.0,0
2022-11-25 04:00:00,1.0,1.0,1.0,1.0,0.0,1669352399999,0.0,0,0.0,0.0,0
2022-11-25 05:00:00,1.0,1.0,1.0,1.0,0.0,1669355999999,0.0,0,0.0,0.0,0
2022-11-25 06:00:00,1.0,1.0,1.0,1.0,0.0,1669359599999,0.0,0,0.0,0.0,0
2022-11-25 07:00:00,1.0,1.0,1.0,1.0,0.0,1669363199999,0.0,0,0.0,0.0,0
2022-11-25 08:00:00,1.0,1.0,1.0,1.0,0.0,1669366799999,0.0,0,0.0,0.0,0
2022-11-25 09:00:00,1.0,1.0,1.0,1.0,0.0,1669370399999,0.0,0,0.0,0.0,0
2022-11-25 10:00:00,1.0,1.0,1.0,1.0,0.0,1669373999999,0.0,0,0.0,0.0,0
2022-11-25 11:00:00,1.0,1.0,1.0,1.0,0.0,1669377599999,0.0,0,0.0,0.0,0
2022-11-25 12:00:00,1.0,1.0,1.0,1.0,0.0,1669381199999,0.0,0,0.0,0.0,0
2022-11-25 13:00:00,1.0,1.0,1.0,1.0,0.0,1669384799999,0.0,0,0.0,0.0,0
2022-11-25 14:00:00,1.0,1.0,1.0,1.0,0.0,1669388399999,0.0,0,0.0,0.0,0
2022-11-25 15:00:00,1.0,1.0,1.0,1.0,0.0,1669391999999,0.0,0,0.0,0.0,0
2022-11-25 16:00:00,1.0,1.0,1.0,1.0,0.0,1669395599999,0.0,0,0.0,0.0,0
2022-11-25 17:00:00,1.0,1.0,1.0,1.0,0.0,1669399199999,0.0,0,0.0,0.0,0
2022-11-25 18:00:00,1.0,1.0,1.0,1.0,0.0,1669402799999,0.0,0,0.0,0.0,0
2022-11-25 19:00:00,1.0,1.0,1.0,1.0,0.0,1669406399999,0.0,0,0.0,0.0,0
2022-11-25 20:00:00,1.0,1.0,1.0,1.0,0.0,1669409999999,0.0,0,0.0,0.0,0
2022-11-25 21:00:00,1.0,1.0,1.0,1.0,0.0,1669413599999,0.0,0,0.0,0.0,0
2022-11-25 22:00:00,1.0,1.0,1.0,1.0,0.0,1669417199999,0.0,0,0.0,0.0,0
2022-11-25 23:00:00,1.0,1.0,1.0,1.0,0.0,1669420799999,0.0,0,0.0,0.0,0
2022-11-26 00:00:00,1.0,1.0,1.0,1.0,0.0,1669424399999,0.0,0,0.0,0.0,0
2022-11-26 01:00:00,1.0,1.0,1.0,1.0,0.0,1669427999999,0.0,0,0.0,0.0,0
2022-11-26 02:00:00,1.0,1.0,1.0,1.0,0.0,1669431599999,0.0,0,0.0,0.0,0
2022-11-26 03:00:00,1.0,1.0,1.0,1.0,0.0,1669435199999,0.0,0,0.0,0.0,0
2022-11-26 04:00:00,1.0,1.0,1.0,1.0,0.0,1669438799999,0.0,0,0.0,0.0,0
2022-11-26 05:00:00,1.0,1.0,1.0,1.0,0.0,1669442399999,0.0,0,0.0,0.0,0
2022-11-26 06:00:00,1.0,1.0,1.0,1.0,0.0,1669445999999,0.0,0,0.0,0.0,0
2022-11-26 07:00:00,1.0,1.0,1.0,1.0,0.0,1669449599999,0.0,0,0.0,0.0,0
2022-11-26 08:00:00,1.0,1.0,1.0,1.0,0.0,1669453199999,0.0,0,0.0,0.0,0
2022-11-26 09:00:00,1.0,1.0,1.0,1.0,0.0,1669456799999,0.0,0,0.0,0.0,0
2022-11-26 10:00:00,1.0,1.0,1.0,1.0,0.0,1669460399999,0.0,0,0.0,0.0,0
2022-11-26 11:00:00,1.0,1.0,1.0,1.0,0.0,1669463999999,0.0,0,0.0,0.0,0
2022-11-26 12:00:00,1.0,1.0,1.0,1.0,0.0,1669467599999,0.0,0,0.0,0.0,0
2022-11-26 13:00:00,1.0,1.0,1.0,1.0,0.0,1669471199999,0.0,0,0.0,0.0,0
2022-11-26 14:00:00,1.0,1.0,1.0,1.0,0.0,1669474799999,0.0,0,0.0,0.0,0
2022-11-26 15:00:00,1.0001,1.0001,1.0001,1.0001,50.0,1669478399999,50.005,1,50.0,50.005,0
2022-11-26 16:00:00,0.9998,0.9998,0.9998,0.9998,48.0,1669481999999,47.9904,2,0.0,0.0,0
2022-11-26 17:00:00,0.9998,0.9998,0.9998,0.9998,0.0,1669485599999,0.0,0,0.0,0.0,0
2022-11-26 18:00:00,0.9998,0.9998,0.9998,0.9998,0.0,1669489199999,0.0,0,0.0,0.0,0
2022-11-26 19:00:00,0.9998,0.9998,0.9998,0.9998,0.0,1669492799999,0.0,0,0.0,0.0,0
2022-11-26 20:00:00,0.9998,0.9998,0.9998,0.9998,0.0,1669496399999,0.0,0,0.0,0.0,0
2022-11-26 21:00:00,0.9998,0.9998,0.9998,0.9998,0.0,1669499999999,0.0,0,0.0,0.0,0
2022-11-26 22:00:00,0.9998,0.9998,0.9998,0.9998,0.0,1669503599999,0.0,0,0.0,0.0,0
2022-11-26 23:00:00,0.9998,0.9998,0.9998,0.9998,0.0,1669507199999,0.0,0,0.0,0.0,0
2022-11-27 00:00:00,0.9998,0.9998,0.9998,0.9998,0.0,1669510799999,0.0,0,0.0,0.0,0
2022-11-27 01:00:00,0.9998,0.9998,0.9998,0.9998,0.0,1669514399999,0.0,0,0.0,0.0,0
2022-11-27 02:00:00,0.9998,0.9998,0.9998,0.9998,0.0,1669517999999,0.0,0,0.0,0.0,0
2022-11-27 03:00:00,0.9998,0.9998,0.9998,0.9998,0.0,1669521599999,0.0,0,0.0,0.0,0
2022-11-27 04:00:00,0.9998,0.9998,0.9998,0.9998,0.0,1669525199999,0.0,0,0.0,0.0,0
2022-11-27 05:00:00,0.9998,0.9998,0.9998,0.9998,0.0,1669528799999,0.0,0,0.0,0.0,0
2022-11-27 06:00:00,0.9998,0.9998,0.9998,0.9998,0.0,1669532399999,0.0,0,0.0,0.0,0
2022-11-27 07:00:00,0.9998,0.9998,0.9998,0.9998,0.0,1669535999999,0.0,0,0.0,0.0,0
2022-11-27 08:00:00,0.9998,0.9998,0.9998,0.9998,0.0,1669539599999,0.0,0,0.0,0.0,0
2022-11-27 09:00:00,0.9998,0.9998,0.9998,0.9998,0.0,1669543199999,0.0,0,0.0,0.0,0
2022-11-27 10:00:00,0.9998,0.9998,0.9998,0.9998,0.0,1669546799999,0.0,0,0.0,0.0,0
2022-11-27 11:00:00,0.9998,0.9998,0.9998,0.9998,0.0,1669550399999,0.0,0,0.0,0.0,0
2022-11-27 12:00:00,0.9998,0.9998,0.9998,0.9998,0.0,1669553999999,0.0,0,0.0,0.0,0
2022-11-27 13:00:00,0.9998,0.9998,0.9998,0.9998,0.0,1669557599999,0.0,0,0.0,0.0,0
2022-11-27 14:00:00,0.9998,0.9998,0.9998,0.9998,0.0,1669561199999,0.0,0,0.0,0.0,0
2022-11-27 15:00:00,0.9998,0.9998,0.9998,0.9998,0.0,1669564799999,0.0,0,0.0,0.0,0
2022-11-27 16:00:00,0.9998,0.9998,0.9998,0.9998,0.0,1669568399999,0.0,0,0.0,0.0,0
2022-11-27 17:00:00,0.9998,0.9998,0.9998,0.9998,0.0,1669571999999,0.0,0,0.0,0.0,0
2022-11-27 18:00:00,0.9998,0.9998,0.9998,0.9998,0.0,1669575599999,0.0,0,0.0,0.0,0
2022-11-27 19:00:00,0.9998,0.9998,0.9998,0.9998,0.0,1669579199999,0.0,0,0.0,0.0,0
2022-11-27 20:00:00,1.0001,1.0001,1.0001,1.0001,215.0,1669582799999,215.0215,1,215.0,215.0215,0
2022-11-27 21:00:00,0.9998,1.0001,0.9998,1.0001,226.0,1669586399999,225.9587,2,13.0,13.0013,0
2022-11-27 22:00:00,1.0001,1.0001,1.0001,1.0001,0.0,1669589999999,0.0,0,0.0,0.0,0
2022-11-27 23:00:00,1.0001,1.0001,1.0001,1.0001,0.0,1669593599999,0.0,0,0.0,0.0,0
2022-11-28 00:00:00,1.0001,1.0001,1.0001,1.0001,0.0,1669597199999,0.0,0,0.0,0.0,0
2022-11-28 01:00:00,1.0001,1.0001,1.0001,1.0001,0.0,1669600799999,0.0,0,0.0,0.0,0
2022-11-28 02:00:00,1.0001,1.0001,1.0001,1.0001,0.0,1669604399999,0.0,0,0.0,0.0,0
2022-11-28 03:00:00,1.0001,1.0001,1.0001,1.0001,0.0,1669607999999,0.0,0,0.0,0.0,0
2022-11-28 04:00:00,1.0001,1.0001,1.0001,1.0001,0.0,1669611599999,0.0,0,0.0,0.0,0
2022-11-28 05:00:00,1.0001,1.0001,1.0001,1.0001,0.0,1669615199999,0.0,0,0.0,0.0,0
2022-11-28 06:00:00,1.0001,1.0001,1.0001,1.0001,0.0,1669618799999,0.0,0,0.0,0.0,0
2022-11-28 07:00:00,1.0001,1.0001,1.0001,1.0001,0.0,1669622399999,0.0,0,0.0,0.0,0
2022-11-28 08:00:00,1.0001,1.0001,1.0001,1.0001,0.0,1669625999999,0.0,0,0.0,0.0,0
2022-11-28 09:00:00,1.0001,1.0001,1.0001,1.0001,0.0,1669629599999,0.0,0,0.0,0.0,0
2022-11-28 10:00:00,1.0001,1.0001,1.0001,1.0001,0.0,1669633199999,0.0,0,0.0,0.0,0
2022-11-28 11:00:00,1.0001,1.0001,1.0001,1.0001,0.0,1669636799999,0.0,0,0.0,0.0,0
2022-11-28 12:00:00,1.0001,1.0001,1.0001,1.0001,0.0,1669640399999,0.0,0,0.0,0.0,0
2022-11-28 13:00:00,1.0001,1.0001,1.0001,1.0001,0.0,1669643999999,0.0,0,0.0,0.0,0
2022-11-28 14:00:00,1.0001,1.0001,1.0001,1.0001,0.0,1669647599999,0.0,0,0.0,0.0,0
2022-11-28 15:00:00,1.0001,1.0001,1.0001,1.0001,0.0,1669651199999,0.0,0,0.0,0.0,0
2022-11-28 16:00:00,1.0001,1.0001,1.0001,1.0001,0.0,1669654799999,0.0,0,0.0,0.0,0
2022-11-28 17:00:00,1.0001,1.0001,1.0001,1.0001,0.0,1669658399999,0.0,0,0.0,0.0,0
2022-11-28 18:00:00,1.0001,1.0001,1.0001,1.0001,0.0,1669661999999,0.0,0,0.0,0.0,0
2022-11-28 19:00:00,0.9997,0.9997,0.9997,0.9997,2035.0,1669665599999,2034.3895,1,0.0,0.0,0
2022-11-28 20:00:00,0.9997,0.9997,0.9997,0.9997,0.0,1669669199999,0.0,0,0.0,0.0,0
2022-11-28 21:00:00,0.9997,0.9997,0.9997,0.9997,0.0,1669672799999,0.0,0,0.0,0.0,0
2022-11-28 22:00:00,0.9997,0.9997,0.9997,0.9997,0.0,1669676399999,0.0,0,0.0,0.0,0
2022-11-28 23:00:00,0.9997,0.9997,0.9997,0.9997,0.0,1669679999999,0.0,0,0.0,0.0,0
2022-11-29 00:00:00,0.9997,0.9997,0.9997,0.9997,0.0,1669683599999,0.0,0,0.0,0.0,0
2022-11-29 01:00:00,0.9997,0.9997,0.9997,0.9997,0.0,1669687199999,0.0,0,0.0,0.0,0
2022-11-29 02:00:00,0.9997,0.9997,0.9997,0.9997,0.0,1669690799999,0.0,0,0.0,0.0,0
2022-11-29 03:00:00,0.9997,0.9997,0.9997,0.9997,0.0,1669694399999,0.0,0,0.0,0.0,0
2022-11-29 04:00:00,1.0,1.0,1.0,1.0,30.0,1669697999999,30.0,1,30.0,30.0,0
2022-11-29 05:00:00,1.0,1.0,1.0,1.0,0.0,1669701599999,0.0,0,0.0,0.0,0
2022-11-29 06:00:00,0.9997,1.0,0.9997,1.0,1410.0,1669705199999,1409.9913,2,1381.0,1381.0,0
2022-11-29 07:00:00,1.0,1.0,1.0,1.0,0.0,1669708799999,0.0,0,0.0,0.0,0
2022-11-29 08:00:00,1.0,1.0,1.0,1.0,0.0,1669712399999,0.0,0,0.0,0.0,0
2022-11-29 09:00:00,1.0,1.0,1.0,1.0,0.0,1669715999999,0.0,0,0.0,0.0,0
2022-11-29 10:00:00,1.0,1.0,1.0,1.0,0.0,1669719599999,0.0,0,0.0,0.0,0
2022-11-29 11:00:00,1.0,1.0,0.9997,0.9997,328.0,1669723199999,327.9916,2,300.0,300.0,0
2022-11-29 12:00:00,0.9997,0.9997,0.9997,0.9997,0.0,1669726799999,0.0,0,0.0,0.0,0
2022-11-29 13:00:00,0.9997,0.9997,0.9997,0.9997,0.0,1669730399999,0.0,0,0.0,0.0,0
2022-11-29 14:00:00,0.9997,0.9997,0.9997,0.9997,0.0,1669733999999,0.0,0,0.0,0.0,0
2022-11-29 15:00:00,0.9997,0.9997,0.9997,0.9997,0.0,1669737599999,0.0,0,0.0,0.0,0
2022-11-29 16:00:00,0.9997,0.9997,0.9997,0.9997,0.0,1669741199999,0.0,0,0.0,0.0,0
2022-11-29 17:00:00,0.9997,0.9997,0.9997,0.9997,0.0,1669744799999,0.0,0,0.0,0.0,0
2022-11-29 18:00:00,0.9997,0.9997,0.9997,0.9997,0.0,1669748399999,0.0,0,0.0,0.0,0
2022-11-29 19:00:00,0.9997,0.9997,0.9997,0.9997,0.0,1669751999999,0.0,0,0.0,0.0,0
2022-11-29 20:00:00,0.9997,0.9997,0.9997,0.9997,0.0,1669755599999,0.0,0,0.0,0.0,0
2022-11-29 21:00:00,0.9997,0.9997,0.9997,0.9997,0.0,1669759199999,0.0,0,0.0,0.0,0
2022-11-29 22:00:00,0.9997,0.9997,0.9997,0.9997,200.0,1669762799999,199.94,1,0.0,0.0,0
2022-11-29 23:00:00,0.9997,0.9997,0.9997,0.9997,0.0,1669766399999,0.0,0,0.0,0.0,0
2022-11-30 00:00:00,0.9997,0.9997,0.9997,0.9997,0.0,1669769999999,0.0,0,0.0,0.0,0
2022-11-30 01:00:00,0.9997,0.9997,0.9997,0.9997,0.0,1669773599999,0.0,0,0.0,0.0,0
2022-11-30 02:00:00,0.9997,0.9997,0.9997,0.9997,0.0,1669777199999,0.0,0,0.0,0.0,0
2022-11-30 03:00:00,0.9997,0.9997,0.9997,0.9997,0.0,1669780799999,0.0,0,0.0,0.0,0
2022-11-30 04:00:00,0.9997,0.9997,0.9997,0.9997,0.0,1669784399999,0.0,0,0.0,0.0,0
2022-11-30 05:00:00,0.9997,0.9997,0.9997,0.9997,0.0,1669787999999,0.0,0,0.0,0.0,0
2022-11-30 06:00:00,0.9998,0.9998,0.9998,0.9998,55.0,1669791599999,54.989,1,0.0,0.0,0
2022-11-30 07:00:00,0.9998,0.9998,0.9998,0.9998,0.0,1669795199999,0.0,0,0.0,0.0,0
2022-11-30 08:00:00,0.9998,0.9998,0.9998,0.9998,0.0,1669798799999,0.0,0,0.0,0.0,0
2022-11-30 09:00:00,0.9998,0.9998,0.9998,0.9998,0.0,1669802399999,0.0,0,0.0,0.0,0
2022-11-30 10:00:00,0.9998,0.9998,0.9998,0.9998,0.0,1669805999999,0.0,0,0.0,0.0,0
2022-11-30 11:00:00,0.9998,0.9998,0.9998,0.9998,0.0,1669809599999,0.0,0,0.0,0.0,0
2022-11-30 12:00:00,0.9998,0.9998,0.9998,0.9998,0.0,1669813199999,0.0,0,0.0,0.0,0
2022-11-30 13:00:00,0.9998,0.9998,0.9998,0.9998,0.0,1669816799999,0.0,0,0.0,0.0,0
2022-11-30 14:00:00,0.9998,0.9998,0.9998,0.9998,0.0,1669820399999,0.0,0,0.0,0.0,0
2022-11-30 15:00:00,0.9998,0.9998,0.9998,0.9998,0.0,1669823999999,0.0,0,0.0,0.0,0
2022-11-30 16:00:00,0.9998,0.9998,0.9998,0.9998,0.0,1669827599999,0.0,0,0.0,0.0,0
2022-11-30 17:00:00,0.9998,0.9998,0.9998,0.9998,0.0,1669831199999,0.0,0,0.0,0.0,0
2022-11-30 18:00:00,0.9998,0.9998,0.9998,0.9998,0.0,1669834799999,0.0,0,0.0,0.0,0
2022-11-30 19:00:00,0.9998,0.9998,0.9998,0.9998,0.0,1669838399999,0.0,0,0.0,0.0,0
2022-11-30 20:00:00,0.9998,0.9998,0.9998,0.9998,0.0,1669841999999,0.0,0,0.0,0.0,0
2022-11-30 21:00:00,0.9998,0.9998,0.9998,0.9998,0.0,1669845599999,0.0,0,0.0,0.0,0
2022-11-30 22:00:00,0.9998,0.9998,0.9998,0.9998,0.0,1669849199999,0.0,0,0.0,0.0,0
2022-11-30 23:00:00,1.0001,1.0001,1.0001,1.0001,2992.0,1669852799999,2992.2992,3,2992.0,2992.2992,0
2022-12-01 00:00:00,1.0001,1.0001,1.0001,1.0001,0.0,1669856399999,0.0,0,0.0,0.0,0
2022-12-01 01:00:00,1.0001,1.0001,1.0001,1.0001,0.0,1669859999999,0.0,0,0.0,0.0,0
2022-12-01 02:00:00,1.0001,1.0001,1.0001,1.0001,0.0,1669863599999,0.0,0,0.0,0.0,0
2022-12-01 03:00:00,1.0001,1.0001,1.0001,1.0001,0.0,1669867199999,0.0,0,0.0,0.0,0
2022-12-01 04:00:00,1.0001,1.0001,1.0001,1.0001,0.0,1669870799999,0.0,0,0.0,0.0,0
2022-12-01 05:00:00,1.0001,1.0001,1.0001,1.0001,0.0,1669874399999,0.0,0,0.0,0.0,0
2022-12-01 06:00:00,1.0001,1.0001,1.0001,1.0001,0.0,1669877999999,0.0,0,0.0,0.0,0
2022-12-01 07:00:00,1.0001,1.0001,1.0001,1.0001,0.0,1669881599999,0.0,0,0.0,0.0,0
2022-12-01 08:00:00,1.0001,1.0001,1.0001,1.0001,0.0,1669885199999,0.0,0,0.0,0.0,0
2022-12-01 09:00:00,1.0001,1.0001,1.0001,1.0001,0.0,1669888799999,0.0,0,0.0,0.0,0
2022-12-01 10:00:00,1.0001,1.0001,1.0001,1.0001,0.0,1669892399999,0.0,0,0.0,0.0,0
2022-12-01 11:00:00,1.0001,1.0001,1.0001,1.0001,0.0,1669895999999,0.0,0,0.0,0.0,0
2022-12-01 12:00:00,1.0001,1.0001,1.0001,1.0001,0.0,1669899599999,0.0,0,0.0,0.0,0
2022-12-01 13:00:00,1.0001,1.0001,1.0001,1.0001,0.0,1669903199999,0.0,0,0.0,0.0,0
2022-12-01 14:00:00,1.0001,1.0001,1.0001,1.0001,0.0,1669906799999,0.0,0,0.0,0.0,0
2022-12-01 15:00:00,1.012,1.012,1.012,1.012,14.0,1669910399999,14.168,1,14.0,14.168,0
2022-12-01 16:00:00,1.012,1.012,1.012,1.012,0.0,1669913999999,0.0,0,0.0,0.0,0
2022-12-01 17:00:00,1.012,1.012,1.012,1.012,0.0,1669917599999,0.0,0,0.0,0.0,0
2022-12-01 18:00:00,1.012,1.012,1.012,1.012,0.0,1669921199999,0.0,0,0.0,0.0,0
2022-12-01 19:00:00,1.012,1.012,1.012,1.012,0.0,1669924799999,0.0,0,0.0,0.0,0
2022-12-01 20:00:00,1.012,1.012,1.012,1.012,0.0,1669928399999,0.0,0,0.0,0.0,0
2022-12-01 21:00:00,1.012,1.012,1.012,1.012,0.0,1669931999999,0.0,0,0.0,0.0,0
2022-12-01 22:00:00,1.012,1.012,1.012,1.012,0.0,1669935599999,0.0,0,0.0,0.0,0
2022-12-01 23:00:00,1.012,1.012,1.012,1.012,0.0,1669939199999,0.0,0,0.0,0.0,0
2022-12-02 00:00:00,1.012,1.012,1.012,1.012,0.0,1669942799999,0.0,0,0.0,0.0,0
2022-12-02 01:00:00,1.012,1.012,1.012,1.012,0.0,1669946399999,0.0,0,0.0,0.0,0
2022-12-02 02:00:00,1.012,1.012,1.012,1.012,0.0,1669949999999,0.0,0,0.0,0.0,0
2022-12-02 03:00:00,1.012,1.012,1.012,1.012,0.0,1669953599999,0.0,0,0.0,0.0,0
2022-12-02 04:00:00,1.012,1.012,1.012,1.012,0.0,1669957199999,0.0,0,0.0,0.0,0
2022-12-02 05:00:00,1.012,1.012,1.012,1.012,0.0,1669960799999,0.0,0,0.0,0.0,0
2022-12-02 06:00:00,1.012,1.012,1.012,1.012,0.0,1669964399999,0.0,0,0.0,0.0,0
2022-12-02 07:00:00,1.012,1.012,1.012,1.012,0.0,1669967999999,0.0,0,0.0,0.0,0
2022-12-02 08:00:00,1.012,1.012,1.012,1.012,0.0,1669971599999,0.0,0,0.0,0.0,0
2022-12-02 09:00:00,1.012,1.012,1.012,1.012,0.0,1669975199999,0.0,0,0.0,0.0,0
2022-12-02 10:00:00,1.012,1.012,1.012,1.012,0.0,1669978799999,0.0,0,0.0,0.0,0
2022-12-02 11:00:00,1.012,1.012,1.012,1.012,0.0,1669982399999,0.0,0,0.0,0.0,0
2022-12-02 12:00:00,1.012,1.012,1.012,1.012,0.0,1669985999999,0.0,0,0.0,0.0,0
2022-12-02 13:00:00,1.012,1.012,1.012,1.012,0.0,1669989599999,0.0,0,0.0,0.0,0
2022-12-02 14:00:00,1.012,1.012,1.012,1.012,0.0,1669993199999,0.0,0,0.0,0.0,0
2022-12-02 15:00:00,1.012,1.012,1.012,1.012,0.0,1669996799999,0.0,0,0.0,0.0,0
2022-12-02 16:00:00,1.012,1.012,1.012,1.012,0.0,1670000399999,0.0,0,0.0,0.0,0
2022-12-02 17:00:00,1.012,1.012,1.012,1.012,0.0,1670003999999,0.0,0,0.0,0.0,0
2022-12-02 18:00:00,1.012,1.012,1.012,1.012,0.0,1670007599999,0.0,0,0.0,0.0,0
2022-12-02 19:00:00,1.012,1.012,1.012,1.012,0.0,1670011199999,0.0,0,0.0,0.0,0
2022-12-02 20:00:00,1.012,1.012,1.012,1.012,0.0,1670014799999,0.0,0,0.0,0.0,0
2022-12-02 21:00:00,1.012,1.012,1.012,1.012,0.0,1670018399999,0.0,0,0.0,0.0,0
2022-12-02 22:00:00,1.012,1.012,1.012,1.012,0.0,1670021999999,0.0,0,0.0,0.0,0
2022-12-02 23:00:00,1.012,1.012,1.012,1.012,0.0,1670025599999,0.0,0,0.0,0.0,0
2022-12-03 00:00:00,1.012,1.012,1.012,1.012,0.0,1670029199999,0.0,0,0.0,0.0,0
2022-12-03 01:00:00,1.012,1.012,1.012,1.012,0.0,1670032799999,0.0,0,0.0,0.0,0
2022-12-03 02:00:00,1.012,1.012,1.012,1.012,0.0,1670036399999,0.0,0,0.0,0.0,0
2022-12-03 03:00:00,1.012,1.012,1.012,1.012,0.0,1670039999999,0.0,0,0.0,0.0,0
2022-12-03 04:00:00,1.012,1.012,1.012,1.012,0.0,1670043599999,0.0,0,0.0,0.0,0
2022-12-03 05:00:00,1.012,1.012,1.012,1.012,0.0,1670047199999,0.0,0,0.0,0.0,0
2022-12-03 06:00:00,1.012,1.012,1.012,1.012,0.0,1670050799999,0.0,0,0.0,0.0,0
2022-12-03 07:00:00,1.012,1.012,1.012,1.012,0.0,1670054399999,0.0,0,0.0,0.0,0
2022-12-03 08:00:00,1.012,1.012,1.012,1.012,0.0,1670057999999,0.0,0,0.0,0.0,0
2022-12-03 09:00:00,1.012,1.012,1.012,1.012,0.0,1670061599999,0.0,0,0.0,0.0,0
2022-12-03 10:00:00,1.012,1.012,1.012,1.012,0.0,1670065199999,0.0,0,0.0,0.0,0
2022-12-03 11:00:00,1.012,1.012,1.012,1.012,0.0,1670068799999,0.0,0,0.0,0.0,0
2022-12-03 12:00:00,1.012,1.012,1.012,1.012,0.0,1670072399999,0.0,0,0.0,0.0,0
2022-12-03 13:00:00,1.012,1.012,1.012,1.012,0.0,1670075999999,0.0,0,0.0,0.0,0
2022-12-03 14:00:00,1.012,1.012,1.012,1.012,0.0,1670079599999,0.0,0,0.0,0.0,0
2022-12-03 15:00:00,1.012,1.012,1.012,1.012,0.0,1670083199999,0.0,0,0.0,0.0,0
2022-12-03 16:00:00,1.012,1.012,1.012,1.012,0.0,1670086799999,0.0,0,0.0,0.0,0
2022-12-03 17:00:00,1.012,1.012,1.012,1.012,0.0,1670090399999,0.0,0,0.0,0.0,0
2022-12-03 18:00:00,1.012,1.012,1.012,1.012,0.0,1670093999999,0.0,0,0.0,0.0,0
2022-12-03 19:00:00,1.012,1.012,1.012,1.012,0.0,1670097599999,0.0,0,0.0,0.0,0
2022-12-03 20:00:00,1.012,1.012,1.012,1.012,0.0,1670101199999,0.0,0,0.0,0.0,0
2022-12-03 21:00:00,1.012,1.012,1.012,1.012,0.0,1670104799999,0.0,0,0.0,0.0,0
2022-12-03 22:00:00,1.012,1.012,1.012,1.012,0.0,1670108399999,0.0,0,0.0,0.0,0
2022-12-03 23:00:00,1.012,1.012,1.012,1.012,0.0,1670111999999,0.0,0,0.0,0.0,0
2022-12-04 00:00:00,1.012,1.012,1.012,1.012,0.0,1670115599999,0.0,0,0.0,0.0,0
2022-12-04 01:00:00,1.012,1.012,1.012,1.012,0.0,1670119199999,0.0,0,0.0,0.0,0
2022-12-04 02:00:00,1.012,1.012,1.012,1.012,0.0,1670122799999,0.0,0,0.0,0.0,0
2022-12-04 03:00:00,1.012,1.012,1.012,1.012,0.0,1670126399999,0.0,0,0.0,0.0,0
2022-12-04 04:00:00,1.012,1.012,1.012,1.012,0.0,1670129999999,0.0,0,0.0,0.0,0
2022-12-04 05:00:00,1.012,1.012,1.012,1.012,0.0,1670133599999,0.0,0,0.0,0.0,0
2022-12-04 06:00:00,1.012,1.012,1.012,1.012,0.0,1670137199999,0.0,0,0.0,0.0,0
2022-12-04 07:00:00,1.0,1.0,1.0,1.0,67.0,1670140799999,67.0,1,0.0,0.0,0
2022-12-04 08:00:00,1.0,1.0,1.0,1.0,0.0,1670144399999,0.0,0,0.0,0.0,0
2022-12-04 09:00:00,1.0,1.0,1.0,1.0,0.0,1670147999999,0.0,0,0.0,0.0,0
2022-12-04 10:00:00,1.0,1.0,1.0,1.0,0.0,1670151599999,0.0,0,0.0,0.0,0
2022-12-04 11:00:00,1.0,1.0,1.0,1.0,0.0,1670155199999,0.0,0,0.0,0.0,0
2022-12-04 12:00:00,1.0,1.0,1.0,1.0,0.0,1670158799999,0.0,0,0.0,0.0,0
2022-12-04 13:00:00,1.0,1.0,1.0,1.0,0.0,1670162399999,0.0,0,0.0,0.0,0
2022-12-04 14:00:00,1.0,1.0,1.0,1.0,0.0,1670165999999,0.0,0,0.0,0.0,0
2022-12-04 15:00:00,1.0,1.0,1.0,1.0,0.0,1670169599999,0.0,0,0.0,0.0,0
2022-12-04 16:00:00,1.0,1.0,1.0,1.0,0.0,1670173199999,0.0,0,0.0,0.0,0
2022-12-04 17:00:00,1.0,1.0,1.0,1.0,0.0,1670176799999,0.0,0,0.0,0.0,0
2022-12-04 18:00:00,1.0003,1.0003,1.0003,1.0003,14.0,1670180399999,14.0042,1,14.0,14.0042,0
2022-12-04 19:00:00,1.0003,1.0003,1.0003,1.0003,0.0,1670183999999,0.0,0,0.0,0.0,0
2022-12-04 20:00:00,1.0003,1.0003,1.0003,1.0003,0.0,1670187599999,0.0,0,0.0,0.0,0
2022-12-04 21:00:00,1.0003,1.0003,1.0003,1.0003,0.0,1670191199999,0.0,0,0.0,0.0,0
2022-12-04 22:00:00,1.0,1.0,1.0,1.0,2779.0,1670194799999,2779.0,3,0.0,0.0,0
2022-12-04 23:00:00,1.0,1.0,1.0,1.0,0.0,1670198399999,0.0,0,0.0,0.0,0
2022-12-05 00:00:00,1.0,1.0,1.0,1.0,0.0,1670201999999,0.0,0,0.0,0.0,0
2022-12-05 01:00:00,1.0,1.0,1.0,1.0,0.0,1670205599999,0.0,0,0.0,0.0,0
2022-12-05 02:00:00,1.0,1.0,1.0,1.0,0.0,1670209199999,0.0,0,0.0,0.0,0
2022-12-05 03:00:00,1.0,1.0,1.0,1.0,0.0,1670212799999,0.0,0,0.0,0.0,0
2022-12-05 04:00:00,1.0,1.0,1.0,1.0,0.0,1670216399999,0.0,0,0.0,0.0,0
2022-12-05 05:00:00,1.0,1.0,1.0,1.0,0.0,1670219999999,0.0,0,0.0,0.0,0
2022-12-05 06:00:00,1.0,1.0,1.0,1.0,0.0,1670223599999,0.0,0,0.0,0.0,0
2022-12-05 07:00:00,1.0,1.0,1.0,1.0,0.0,1670227199999,0.0,0,0.0,0.0,0
2022-12-05 08:00:00,1.0,1.0,1.0,1.0,0.0,1670230799999,0.0,0,0.0,0.0,0
2022-12-05 09:00:00,1.0,1.0,1.0,1.0,0.0,1670234399999,0.0,0,0.0,0.0,0
2022-12-05 10:00:00,1.0,1.0,1.0,1.0,0.0,1670237999999,0.0,0,0.0,0.0,0
2022-12-05 11:00:00,1.0,1.0,1.0,1.0,0.0,1670241599999,0.0,0,0.0,0.0,0
2022-12-05 12:00:00,1.0,1.0,1.0,1.0,0.0,1670245199999,0.0,0,0.0,0.0,0
2022-12-05 13:00:00,1.0,1.0,1.0,1.0,0.0,1670248799999,0.0,0,0.0,0.0,0
2022-12-05 14:00:00,1.0,1.0,1.0,1.0,0.0,1670252399999,0.0,0,0.0,0.0,0
2022-12-05 15:00:00,1.0,1.0,1.0,1.0,0.0,1670255999999,0.0,0,0.0,0.0,0
2022-12-05 16:00:00,1.0,1.0,1.0,1.0,0.0,1670259599999,0.0,0,0.0,0.0,0
2022-12-05 17:00:00,1.0,1.0,1.0,1.0,0.0,1670263199999,0.0,0,0.0,0.0,0
2022-12-05 18:00:00,1.0,1.0,1.0,1.0,0.0,1670266799999,0.0,0,0.0,0.0,0
2022-12-05 19:00:00,1.0,1.0,1.0,1.0,0.0,1670270399999,0.0,0,0.0,0.0,0
2022-12-05 20:00:00,1.0,1.0,1.0,1.0,0.0,1670273999999,0.0,0,0.0,0.0,0
2022-12-05 21:00:00,1.0,1.0,1.0,1.0,0.0,1670277599999,0.0,0,0.0,0.0,0
2022-12-05 22:00:00,1.0,1.0,1.0,1.0,0.0,1670281199999,0.0,0,0.0,0.0,0
2022-12-05 23:00:00,1.0,1.0,1.0,1.0,0.0,1670284799999,0.0,0,0.0,0.0,0
2022-12-06 00:00:00,1.0,1.0,1.0,1.0,0.0,1670288399999,0.0,0,0.0,0.0,0
2022-12-06 01:00:00,1.0,1.0,1.0,1.0,0.0,1670291999999,0.0,0,0.0,0.0,0
2022-12-06 02:00:00,1.0,1.0,1.0,1.0,0.0,1670295599999,0.0,0,0.0,0.0,0
2022-12-06 03:00:00,1.0,1.0,1.0,1.0,0.0,1670299199999,0.0,0,0.0,0.0,0
2022-12-06 04:00:00,1.0,1.0,1.0,1.0,0.0,1670302799999,0.0,0,0.0,0.0,0
2022-12-06 05:00:00,1.0,1.0,1.0,1.0,0.0,1670306399999,0.0,0,0.0,0.0,0
2022-12-06 06:00:00,1.0,1.0,1.0,1.0,0.0,1670309999999,0.0,0,0.0,0.0,0
2022-12-06 07:00:00,1.0,1.0,1.0,1.0,0.0,1670313599999,0.0,0,0.0,0.0,0
2022-12-06 08:00:00,1.0003,1.0003,1.0003,1.0003,996.0,1670317199999,996.2988,3,996.0,996.2988,0
2022-12-06 09:00:00,1.0003,1.0003,1.0003,1.0003,0.0,1670320799999,0.0,0,0.0,0.0,0
2022-12-06 10:00:00,1.0003,1.0003,1.0003,1.0003,0.0,1670324399999,0.0,0,0.0,0.0,0
2022-12-06 11:00:00,1.0003,1.0003,1.0003,1.0003,0.0,1670327999999,0.0,0,0.0,0.0,0
2022-12-06 12:00:00,1.0003,1.0003,1.0003,1.0003,0.0,1670331599999,0.0,0,0.0,0.0,0
2022-12-06 13:00:00,1.0003,1.0003,1.0003,1.0003,0.0,1670335199999,0.0,0,0.0,0.0,0
2022-12-06 14:00:00,1.0003,1.0003,1.0003,1.0003,0.0,1670338799999,0.0,0,0.0,0.0,0
2022-12-06 15:00:00,1.0003,1.0003,1.0003,1.0003,0.0,1670342399999,0.0,0,0.0,0.0,0
2022-12-06 16:00:00,1.0003,1.0003,1.0003,1.0003,0.0,1670345999999,0.0,0,0.0,0.0,0
2022-12-06 17:00:00,0.9999,0.9999,0.9999,0.9999,975.0,1670349599999,974.9025,3,0.0,0.0,0
2022-12-06 18:00:00,0.9999,0.9999,0.9999,0.9999,0.0,1670353199999,0.0,0,0.0,0.0,0
2022-12-06 19:00:00,0.9999,0.9999,0.9999,0.9999,0.0,1670356799999,0.0,0,0.0,0.0,0
2022-12-06 20:00:00,0.9999,0.9999,0.9999,0.9999,0.0,1670360399999,0.0,0,0.0,0.0,0
2022-12-06 21:00:00,0.9999,0.9999,0.9999,0.9999,0.0,1670363999999,0.0,0,0.0,0.0,0
2022-12-06 22:00:00,0.9999,0.9999,0.9999,0.9999,0.0,1670367599999,0.0,0,0.0,0.0,0
2022-12-06 23:00:00,0.9999,0.9999,0.9999,0.9999,0.0,1670371199999,0.0,0,0.0,0.0,0
2022-12-07 00:00:00,0.9999,0.9999,0.9999,0.9999,0.0,1670374799999,0.0,0,0.0,0.0,0
2022-12-07 01:00:00,1.0002,1.0002,1.0002,1.0002,1036.0,1670378399999,1036.2072,1,1036.0,1036.2072,0
2022-12-07 02:00:00,1.0002,1.0002,1.0002,1.0002,0.0,1670381999999,0.0,0,0.0,0.0,0
2022-12-07 03:00:00,1.0002,1.0002,1.0002,1.0002,0.0,1670385599999,0.0,0,0.0,0.0,0
2022-12-07 04:00:00,1.0002,1.0002,1.0002,1.0002,0.0,1670389199999,0.0,0,0.0,0.0,0
2022-12-07 05:00:00,1.0002,1.0002,1.0002,1.0002,0.0,1670392799999,0.0,0,0.0,0.0,0
2022-12-07 06:00:00,1.0002,1.0002,1.0002,1.0002,0.0,1670396399999,0.0,0,0.0,0.0,0
2022-12-07 07:00:00,1.0002,1.0002,1.0002,1.0002,0.0,1670399999999,0.0,0,0.0,0.0,0
2022-12-07 08:00:00,1.0002,1.0002,1.0002,1.0002,0.0,1670403599999,0.0,0,0.0,0.0,0
2022-12-07 09:00:00,1.0002,1.0002,1.0002,1.0002,0.0,1670407199999,0.0,0,0.0,0.0,0
2022-12-07 10:00:00,1.0002,1.0002,1.0002,1.0002,0.0,1670410799999,0.0,0,0.0,0.0,0
2022-12-07 11:00:00,1.0002,1.0002,1.0002,1.0002,0.0,1670414399999,0.0,0,0.0,0.0,0
2022-12-07 12:00:00,1.0002,1.0002,1.0002,1.0002,0.0,1670417999999,0.0,0,0.0,0.0,0
2022-12-07 13:00:00,1.0002,1.0002,1.0002,1.0002,0.0,1670421599999,0.0,0,0.0,0.0,0
2022-12-07 14:00:00,1.0002,1.0002,1.0002,1.0002,0.0,1670425199999,0.0,0,0.0,0.0,0
2022-12-07 15:00:00,1.0002,1.0002,1.0002,1.0002,0.0,1670428799999,0.0,0,0.0,0.0,0
2022-12-07 16:00:00,1.0002,1.0002,1.0002,1.0002,0.0,1670432399999,0.0,0,0.0,0.0,0
2022-12-07 17:00:00,1.0002,1.0002,1.0002,1.0002,0.0,1670435999999,0.0,0,0.0,0.0,0
2022-12-07 18:00:00,1.0002,1.0002,1.0002,1.0002,0.0,1670439599999,0.0,0,0.0,0.0,0
2022-12-07 19:00:00,1.0002,1.0002,1.0002,1.0002,0.0,1670443199999,0.0,0,0.0,0.0,0
2022-12-07 20:00:00,1.0002,1.0002,1.0002,1.0002,0.0,1670446799999,0.0,0,0.0,0.0,0
2022-12-07 21:00:00,1.0002,1.0002,1.0002,1.0002,0.0,1670450399999,0.0,0,0.0,0.0,0
2022-12-07 22:00:00,1.0002,1.0002,1.0002,1.0002,0.0,1670453999999,0.0,0,0.0,0.0,0
2022-12-07 23:00:00,1.0002,1.0002,1.0002,1.0002,0.0,1670457599999,0.0,0,0.0,0.0,0
2022-12-08 00:00:00,1.0002,1.0002,1.0002,1.0002,0.0,1670461199999,0.0,0,0.0,0.0,0
2022-12-08 01:00:00,1.0002,1.0002,1.0002,1.0002,0.0,1670464799999,0.0,0,0.0,0.0,0
2022-12-08 02:00:00,1.0002,1.0002,1.0002,1.0002,0.0,1670468399999,0.0,0,0.0,0.0,0
2022-12-08 03:00:00,1.0002,1.0002,1.0002,1.0002,0.0,1670471999999,0.0,0,0.0,0.0,0
2022-12-08 04:00:00,1.0002,1.0002,1.0002,1.0002,0.0,1670475599999,0.0,0,0.0,0.0,0
2022-12-08 05:00:00,1.0002,1.0002,1.0002,1.0002,0.0,1670479199999,0.0,0,0.0,0.0,0
2022-12-08 06:00:00,1.0002,1.0002,1.0002,1.0002,0.0,1670482799999,0.0,0,0.0,0.0,0
2022-12-08 07:00:00,1.0002,1.0002,1.0002,1.0002,0.0,1670486399999,0.0,0,0.0,0.0,0
2022-12-08 08:00:00,1.0002,1.0002,1.0002,1.0002,0.0,1670489999999,0.0,0,0.0,0.0,0
2022-12-08 09:00:00,1.0002,1.0002,1.0002,1.0002,0.0,1670493599999,0.0,0,0.0,0.0,0
2022-12-08 10:00:00,1.0002,1.0002,1.0002,1.0002,0.0,1670497199999,0.0,0,0.0,0.0,0
2022-12-08 11:00:00,1.0002,1.0002,1.0002,1.0002,0.0,1670500799999,0.0,0,0.0,0.0,0
2022-12-08 12:00:00,1.0002,1.0002,1.0002,1.0002,0.0,1670504399999,0.0,0,0.0,0.0,0
2022-12-08 13:00:00,1.0002,1.0002,1.0002,1.0002,0.0,1670507999999,0.0,0,0.0,0.0,0
2022-12-08 14:00:00,1.0002,1.0002,1.0002,1.0002,0.0,1670511599999,0.0,0,0.0,0.0,0
2022-12-08 15:00:00,1.0002,1.0002,1.0002,1.0002,0.0,1670515199999,0.0,0,0.0,0.0,0
2022-12-08 16:00:00,1.0002,1.0002,1.0002,1.0002,0.0,1670518799999,0.0,0,0.0,0.0,0
2022-12-08 17:00:00,1.0002,1.0002,1.0002,1.0002,0.0,1670522399999,0.0,0,0.0,0.0,0
2022-12-08 18:00:00,1.0002,1.0002,1.0002,1.0002,0.0,1670525999999,0.0,0,0.0,0.0,0
2022-12-08 19:00:00,1.0002,1.0002,1.0002,1.0002,0.0,1670529599999,0.0,0,0.0,0.0,0
2022-12-08 20:00:00,1.0002,1.0002,1.0002,1.0002,0.0,1670533199999,0.0,0,0.0,0.0,0
2022-12-08 21:00:00,1.0002,1.0002,1.0002,1.0002,0.0,1670536799999,0.0,0,0.0,0.0,0
2022-12-08 22:00:00,1.0002,1.0002,1.0002,1.0002,0.0,1670540399999,0.0,0,0.0,0.0,0
2022-12-08 23:00:00,1.0002,1.0002,1.0002,1.0002,0.0,1670543999999,0.0,0,0.0,0.0,0
2022-12-09 00:00:00,1.0002,1.0002,1.0002,1.0002,0.0,1670547599999,0.0,0,0.0,0.0,0
2022-12-09 01:00:00,1.0002,1.0002,1.0002,1.0002,0.0,1670551199999,0.0,0,0.0,0.0,0
2022-12-09 02:00:00,1.0002,1.0002,1.0002,1.0002,0.0,1670554799999,0.0,0,0.0,0.0,0
2022-12-09 03:00:00,1.0002,1.0002,1.0002,1.0002,0.0,1670558399999,0.0,0,0.0,0.0,0
2022-12-09 04:00:00,1.0002,1.0002,1.0002,1.0002,0.0,1670561999999,0.0,0,0.0,0.0,0
2022-12-09 05:00:00,1.0002,1.0002,1.0002,1.0002,0.0,1670565599999,0.0,0,0.0,0.0,0
2022-12-09 06:00:00,1.0002,1.0002,1.0002,1.0002,0.0,1670569199999,0.0,0,0.0,0.0,0
2022-12-09 07:00:00,1.0002,1.0002,1.0002,1.0002,0.0,1670572799999,0.0,0,0.0,0.0,0
2022-12-09 08:00:00,1.0002,1.0002,1.0002,1.0002,0.0,1670576399999,0.0,0,0.0,0.0,0
2022-12-09 09:00:00,1.0002,1.0002,1.0002,1.0002,0.0,1670579999999,0.0,0,0.0,0.0,0
2022-12-09 10:00:00,1.0002,1.0002,1.0002,1.0002,0.0,1670583599999,0.0,0,0.0,0.0,0
2022-12-09 11:00:00,1.0002,1.0002,1.0002,1.0002,0.0,1670587199999,0.0,0,0.0,0.0,0
2022-12-09 12:00:00,1.0002,1.0002,1.0002,1.0002,0.0,1670590799999,0.0,0,0.0,0.0,0
2022-12-09 13:00:00,1.0002,1.0002,1.0002,1.0002,0.0,1670594399999,0.0,0,0.0,0.0,0
2022-12-09 14:00:00,1.0002,1.0002,1.0002,1.0002,0.0,1670597999999,0.0,0,0.0,0.0,0
2022-12-09 15:00:00,1.0002,1.0002,1.0002,1.0002,0.0,1670601599999,0.0,0,0.0,0.0,0
2022-12-09 16:00:00,1.0002,1.0002,1.0002,1.0002,0.0,1670605199999,0.0,0,0.0,0.0,0
2022-12-09 17:00:00,1.0003,1.0003,1.0003,1.0003,123.0,1670608799999,123.0369,1,123.0,123.0369,0
2022-12-09 18:00:00,1.0003,1.0003,1.0003,1.0003,0.0,1670612399999,0.0,0,0.0,0.0,0
2022-12-09 19:00:00,1.0003,1.0003,1.0003,1.0003,0.0,1670615999999,0.0,0,0.0,0.0,0
2022-12-09 20:00:00,1.0003,1.0003,1.0003,1.0003,0.0,1670619599999,0.0,0,0.0,0.0,0
2022-12-09 21:00:00,1.0003,1.0003,1.0003,1.0003,0.0,1670623199999,0.0,0,0.0,0.0,0
2022-12-09 22:00:00,1.0003,1.0003,1.0003,1.0003,0.0,1670626799999,0.0,0,0.0,0.0,0
2022-12-09 23:00:00,1.0003,1.0003,1.0003,1.0003,0.0,1670630399999,0.0,0,0.0,0.0,0
2022-12-10 00:00:00,1.0003,1.0003,1.0003,1.0003,0.0,1670633999999,0.0,0,0.0,0.0,0
2022-12-10 01:00:00,1.0003,1.0003,1.0003,1.0003,0.0,1670637599999,0.0,0,0.0,0.0,0
2022-12-10 02:00:00,1.0003,1.0003,1.0003,1.0003,0.0,1670641199999,0.0,0,0.0,0.0,0
2022-12-10 03:00:00,1.0003,1.0003,1.0003,1.0003,0.0,1670644799999,0.0,0,0.0,0.0,0
2022-12-10 04:00:00,1.0003,1.0003,1.0003,1.0003,0.0,1670648399999,0.0,0,0.0,0.0,0
2022-12-10 05:00:00,1.0003,1.0003,1.0003,1.0003,0.0,1670651999999,0.0,0,0.0,0.0,0
2022-12-10 06:00:00,1.0003,1.0003,1.0003,1.0003,0.0,1670655599999,0.0,0,0.0,0.0,0
2022-12-10 07:00:00,1.0003,1.0003,1.0003,1.0003,0.0,1670659199999,0.0,0,0.0,0.0,0
2022-12-10 08:00:00,1.0003,1.0003,1.0003,1.0003,0.0,1670662799999,0.0,0,0.0,0.0,0
2022-12-10 09:00:00,1.0003,1.0003,1.0003,1.0003,0.0,1670666399999,0.0,0,0.0,0.0,0
2022-12-10 10:00:00,1.0003,1.0003,1.0003,1.0003,0.0,1670669999999,0.0,0,0.0,0.0,0
2022-12-10 11:00:00,1.0003,1.0003,1.0003,1.0003,0.0,1670673599999,0.0,0,0.0,0.0,0
2022-12-10 12:00:00,1.0003,1.0003,1.0003,1.0003,0.0,1670677199999,0.0,0,0.0,0.0,0
2022-12-10 13:00:00,1.0003,1.0003,1.0003,1.0003,0.0,1670680799999,0.0,0,0.0,0.0,0
2022-12-10 14:00:00,1.0003,1.0003,1.0003,1.0003,0.0,1670684399999,0.0,0,0.0,0.0,0
2022-12-10 15:00:00,1.0003,1.0003,1.0003,1.0003,0.0,1670687999999,0.0,0,0.0,0.0,0
2022-12-10 16:00:00,1.0,1.0,1.0,1.0,3532.0,1670691599999,3532.0,1,0.0,0.0,0
2022-12-10 17:00:00,1.0,1.0,1.0,1.0,0.0,1670695199999,0.0,0,0.0,0.0,0
2022-12-10 18:00:00,1.0,1.0,1.0,1.0,0.0,1670698799999,0.0,0,0.0,0.0,0
2022-12-10 19:00:00,1.0,1.0,1.0,1.0,0.0,1670702399999,0.0,0,0.0,0.0,0
2022-12-10 20:00:00,1.0,1.0,1.0,1.0,0.0,1670705999999,0.0,0,0.0,0.0,0
2022-12-10 21:00:00,1.0,1.0,1.0,1.0,0.0,1670709599999,0.0,0,0.0,0.0,0
2022-12-10 22:00:00,1.0,1.0,1.0,1.0,0.0,1670713199999,0.0,0,0.0,0.0,0
2022-12-10 23:00:00,1.0,1.0,1.0,1.0,0.0,1670716799999,0.0,0,0.0,0.0,0
2022-12-11 00:00:00,1.0,1.0,1.0,1.0,0.0,1670720399999,0.0,0,0.0,0.0,0
2022-12-11 01:00:00,1.0,1.0,1.0,1.0,0.0,1670723999999,0.0,0,0.0,0.0,0
2022-12-11 02:00:00,1.0,1.0,1.0,1.0,0.0,1670727599999,0.0,0,0.0,0.0,0
2022-12-11 03:00:00,1.0,1.0,1.0,1.0,0.0,1670731199999,0.0,0,0.0,0.0,0
2022-12-11 04:00:00,1.0,1.0,1.0,1.0,0.0,1670734799999,0.0,0,0.0,0.0,0
2022-12-11 05:00:00,1.0,1.0,1.0,1.0,0.0,1670738399999,0.0,0,0.0,0.0,0
2022-12-11 06:00:00,1.0,1.0,1.0,1.0,0.0,1670741999999,0.0,0,0.0,0.0,0
2022-12-11 07:00:00,1.0,1.0,1.0,1.0,0.0,1670745599999,0.0,0,0.0,0.0,0
2022-12-11 08:00:00,1.0,1.0,1.0,1.0,0.0,1670749199999,0.0,0,0.0,0.0,0
2022-12-11 09:00:00,1.0,1.0,1.0,1.0,0.0,1670752799999,0.0,0,0.0,0.0,0
2022-12-11 10:00:00,1.0,1.0,1.0,1.0,0.0,1670756399999,0.0,0,0.0,0.0,0
2022-12-11 11:00:00,1.0,1.0,1.0,1.0,0.0,1670759999999,0.0,0,0.0,0.0,0
2022-12-11 12:00:00,1.0,1.0,1.0,1.0,0.0,1670763599999,0.0,0,0.0,0.0,0
2022-12-11 13:00:00,1.0,1.0,1.0,1.0,0.0,1670767199999,0.0,0,0.0,0.0,0
2022-12-11 14:00:00,1.0,1.0,1.0,1.0,0.0,1670770799999,0.0,0,0.0,0.0,0
2022-12-11 15:00:00,1.0003,1.0003,1.0003,1.0003,5034.0,1670774399999,5035.5102,1,5034.0,5035.5102,0
2022-12-11 16:00:00,1.0003,1.0003,1.0003,1.0003,0.0,1670777999999,0.0,0,0.0,0.0,0
2022-12-11 17:00:00,1.0003,1.0003,1.0003,1.0003,0.0,1670781599999,0.0,0,0.0,0.0,0
2022-12-11 18:00:00,1.0003,1.0003,1.0003,1.0003,0.0,1670785199999,0.0,0,0.0,0.0,0
2022-12-11 19:00:00,1.0003,1.0003,1.0003,1.0003,0.0,1670788799999,0.0,0,0.0,0.0,0
2022-12-11 20:00:00,1.0003,1.0003,1.0003,1.0003,0.0,1670792399999,0.0,0,0.0,0.0,0
2022-12-11 21:00:00,1.0003,1.0003,1.0003,1.0003,0.0,1670795999999,0.0,0,0.0,0.0,0
2022-12-11 22:00:00,1.0003,1.0003,1.0003,1.0003,0.0,1670799599999,0.0,0,0.0,0.0,0
2022-12-11 23:00:00,1.0003,1.0003,1.0003,1.0003,0.0,1670803199999,0.0,0,0.0,0.0,0
2022-12-12 00:00:00,1.0003,1.0003,1.0003,1.0003,0.0,1670806799999,0.0,0,0.0,0.0,0
2022-12-12 01:00:00,1.0003,1.0003,1.0003,1.0003,0.0,1670810399999,0.0,0,0.0,0.0,0
2022-12-12 02:00:00,1.0003,1.0003,1.0003,1.0003,0.0,1670813999999,0.0,0,0.0,0.0,0
2022-12-12 03:00:00,1.0003,1.0003,1.0003,1.0003,0.0,1670817599999,0.0,0,0.0,0.0,0
2022-12-12 04:00:00,1.0002,1.0002,1.0002,1.0002,99.0,1670821199999,99.0198,1,99.0,99.0198,0
2022-12-12 05:00:00,1.0002,1.0002,1.0002,1.0002,0.0,1670824799999,0.0,0,0.0,0.0,0
2022-12-12 06:00:00,1.0002,1.0002,1.0002,1.0002,0.0,1670828399999,0.0,0,0.0,0.0,0
2022-12-12 07:00:00,1.0002,1.0002,1.0002,1.0002,0.0,1670831999999,0.0,0,0.0,0.0,0
2022-12-12 08:00:00,1.0002,1.0002,1.0002,1.0002,0.0,1670835599999,0.0,0,0.0,0.0,0
2022-12-12 09:00:00,1.0002,1.0002,1.0002,1.0002,0.0,1670839199999,0.0,0,0.0,0.0,0
2022-12-12 10:00:00,1.0002,1.0002,1.0002,1.0002,0.0,1670842799999,0.0,0,0.0,0.0,0
2022-12-12 11:00:00,1.0002,1.0002,1.0002,1.0002,0.0,1670846399999,0.0,0,0.0,0.0,0
2022-12-12 12:00:00,1.0002,1.0002,1.0002,1.0002,0.0,1670849999999,0.0,0,0.0,0.0,0
2022-12-12 13:00:00,1.0002,1.0002,1.0002,1.0002,0.0,1670853599999,0.0,0,0.0,0.0,0
2022-12-12 14:00:00,1.0002,1.0002,1.0002,1.0002,0.0,1670857199999,0.0,0,0.0,0.0,0
2022-12-12 15:00:00,1.0002,1.0002,1.0002,1.0002,0.0,1670860799999,0.0,0,0.0,0.0,0
2022-12-12 16:00:00,1.0002,1.0002,1.0002,1.0002,0.0,1670864399999,0.0,0,0.0,0.0,0
2022-12-12 17:00:00,1.0002,1.0002,1.0002,1.0002,0.0,1670867999999,0.0,0,0.0,0.0,0
2022-12-12 18:00:00,1.0002,1.0002,1.0002,1.0002,0.0,1670871599999,0.0,0,0.0,0.0,0
2022-12-12 19:00:00,1.0002,1.0002,1.0002,1.0002,0.0,1670875199999,0.0,0,0.0,0.0,0
2022-12-12 20:00:00,1.0002,1.0002,1.0002,1.0002,0.0,1670878799999,0.0,0,0.0,0.0,0
2022-12-12 21:00:00,1.0002,1.0002,1.0002,1.0002,0.0,1670882399999,0.0,0,0.0,0.0,0
2022-12-12 22:00:00,1.0002,1.0002,1.0,1.0,998.0,1670885999999,998.1,2,500.0,500.1,0
2022-12-12 23:00:00,1.0,1.0,1.0,1.0,0.0,1670889599999,0.0,0,0.0,0.0,0
2022-12-13 00:00:00,1.0,1.0,1.0,1.0,0.0,1670893199999,0.0,0,0.0,0.0,0
2022-12-13 01:00:00,1.0,1.0,1.0,1.0,0.0,1670896799999,0.0,0,0.0,0.0,0
2022-12-13 02:00:00,1.0,1.0,1.0,1.0,0.0,1670900399999,0.0,0,0.0,0.0,0
2022-12-13 03:00:00,1.0,1.0,1.0,1.0,0.0,1670903999999,0.0,0,0.0,0.0,0
2022-12-13 04:00:00,1.0,1.0,1.0,1.0,0.0,1670907599999,0.0,0,0.0,0.0,0
2022-12-13 05:00:00,1.0,1.0,1.0,1.0,0.0,1670911199999,0.0,0,0.0,0.0,0
2022-12-13 06:00:00,1.0,1.0,1.0,1.0,0.0,1670914799999,0.0,0,0.0,0.0,0
2022-12-13 07:00:00,1.0,1.0,1.0,1.0,33.0,1670918399999,33.0,1,0.0,0.0,0
2022-12-13 08:00:00,1.0,1.0,1.0,1.0,0.0,1670921999999,0.0,0,0.0,0.0,0
2022-12-13 09:00:00,1.0,1.0,1.0,1.0,88.0,1670925599999,88.0,1,0.0,0.0,0
2022-12-13 10:00:00,1.0,1.0,1.0,1.0,0.0,1670929199999,0.0,0,0.0,0.0,0
2022-12-13 11:00:00,1.0,1.0,1.0,1.0,0.0,1670932799999,0.0,0,0.0,0.0,0
2022-12-13 12:00:00,1.0,1.0,1.0,1.0,0.0,1670936399999,0.0,0,0.0,0.0,0
2022-12-13 13:00:00,1.0,1.0,1.0,1.0,0.0,1670939999999,0.0,0,0.0,0.0,0
2022-12-13 14:00:00,1.0,1.0,1.0,1.0,0.0,1670943599999,0.0,0,0.0,0.0,0
2022-12-13 15:00:00,1.0,1.0,1.0,1.0,0.0,1670947199999,0.0,0,0.0,0.0,0
