Date,symbol,lastAction,oldAmount,newAmount,currentPrice,buyPrice,changePercent
2021-05-02 05:00:00,BUSD-USD,Sell,1000.0,999.25,1.0002,1.0002,-0.00075
2021-05-02 07:00:00,BUSD-USD,Sell,999.25,999.25,1.0,1.0002,0.0
2021-05-02 08:00:00,BUSD-USD,Buy,999.25,998.5005625,0.9999,0.9999,-0.000749999999999999
2021-05-02 10:00:00,BUSD-USD,Buy,998.5005625,998.5005625,1.0,0.9999,0.0
2021-05-02 12:00:00,BUSD-USD,Sell,998.5005625,998.0512672048876,1.0002,0.9999,-0.00044996999699976886
2021-05-02 13:00:00,BUSD-USD,Buy,998.0512672048876,997.302728754484,1.0001,1.0001,-0.0007499999999999917
2021-05-02 14:00:00,BUSD-USD,Sell,997.302728754484,996.6544720087634,1.0002,1.0001,-0.0006500099990001744
2021-05-02 15:00:00,BUSD-USD,Sell,996.6544720087634,996.6544720087634,1.0001,1.0001,0.0
2021-05-02 17:00:00,BUSD-USD,Sell,996.6544720087634,996.6544720087634,1.0002,1.0001,0.0
2021-05-02 18:00:00,BUSD-USD,Sell,996.6544720087634,996.6544720087634,1.0003,1.0001,0.0
2021-05-02 19:00:00,BUSD-USD,Buy,996.6544720087634,995.9069811547567,1.0001,1.0001,-0.0007500000000000557
2021-05-02 21:00:00,BUSD-USD,Buy,995.9069811547567,995.9069811547567,1.0002,1.0001,0.0
2021-05-02 22:00:00,BUSD-USD,Buy,995.9069811547567,995.9069811547567,1.0001,1.0001,0.0
2021-05-02 23:00:00,BUSD-USD,Buy,995.9069811547567,995.9069811547567,1.0,1.0001,0.0
2021-05-03 00:00:00,BUSD-USD,Sell,995.9069811547567,995.2596316589321,1.0002,1.0001,-0.0006500099990001461
2021-05-03 02:00:00,BUSD-USD,Buy,995.2596316589321,994.513186935188,1.0,1.0,-0.0007499999999999626
2021-05-03 05:00:00,BUSD-USD,Sell,994.513186935188,993.9662046823736,1.0002,1.0,-0.0005500000000000062
2021-05-03 06:00:00,BUSD-USD,Buy,993.9662046823736,993.2207300288618,1.0001,1.0001,-0.0007500000000000118
2021-05-03 07:00:00,BUSD-USD,Buy,993.2207300288618,993.2207300288618,1.0,1.0001,0.0
2021-05-03 08:00:00,BUSD-USD,Buy,993.2207300288618,993.2207300288618,0.9998,1.0001,0.0
2021-05-03 09:00:00,BUSD-USD,Sell,993.2207300288618,992.3765023395515,1.0,1.0001,-0.000849990000999833
2021-05-03 10:00:00,BUSD-USD,Buy,992.3765023395515,991.6322199627969,0.9998,0.9998,-0.0007499999999999906
2021-05-03 11:00:00,BUSD-USD,Buy,991.6322199627969,991.6322199627969,0.9999,0.9998,0.0
2021-05-03 12:00:00,BUSD-USD,Sell,991.6322199627969,991.0868619150407,1.0,0.9998,-0.0005499599919984724
2021-05-03 16:00:00,BUSD-USD,Buy,991.0868619150407,990.3435467686044,0.9999,0.9999,-0.0007500000000000361
2021-05-03 17:00:00,BUSD-USD,Sell,990.3435467686044,989.8979218858362,1.0002,0.9999,-0.000449969996999688
2021-05-03 20:00:00,BUSD-USD,Buy,989.8979218858362,989.1554984444218,0.9999,0.9999,-0.0007500000000000398
2021-05-03 21:00:00,BUSD-USD,Sell,989.1554984444218,988.6114827053659,1.0001,0.9999,-0.0005499799979997532
2021-05-03 22:00:00,BUSD-USD,Buy,988.6114827053659,987.8700240933368,0.9999,0.9999,-0.000750000000000054
2021-05-03 23:00:00,BUSD-USD,Buy,987.8700240933368,987.8700240933368,1.0,0.9999,0.0
2021-05-04 00:00:00,BUSD-USD,Buy,987.8700240933368,987.8700240933368,0.9996,0.9999,0.0
2021-05-04 01:00:00,BUSD-USD,Sell,987.8700240933368,987.2279184573644,1.0,0.9999,-0.0006499899989999254
2021-05-04 02:00:00,BUSD-USD,Buy,987.2279184573644,986.4874975185213,0.9998,0.9998,-0.0007500000000000215
2021-05-04 03:00:00,BUSD-USD,Sell,986.4874975185213,985.8463003788308,0.9999,0.9998,-0.0006499799959993141
2021-05-04 04:00:00,BUSD-USD,Sell,985.8463003788308,985.8463003788308,1.0001,0.9998,0.0
2021-05-04 08:00:00,BUSD-USD,Sell,985.8463003788308,985.8463003788308,0.9999,0.9998,0.0
2021-05-04 09:00:00,BUSD-USD,Sell,985.8463003788308,985.8463003788308,1.0,0.9998,0.0
2021-05-04 10:00:00,BUSD-USD,Sell,985.8463003788308,985.8463003788308,1.0002,0.9998,0.0
2021-05-04 11:00:00,BUSD-USD,Buy,985.8463003788308,985.1069156535467,0.9999,0.9999,-0.0007500000000000168
2021-05-04 13:00:00,BUSD-USD,Buy,985.1069156535467,985.1069156535467,0.9998,0.9999,0.0
2021-05-04 14:00:00,BUSD-USD,Buy,985.1069156535467,985.1069156535467,0.9997,0.9999,0.0
2021-05-04 15:00:00,BUSD-USD,Sell,985.1069156535467,984.3680854668065,0.9999,0.9999,-0.0007500000000000282
2021-05-04 16:00:00,BUSD-USD,Buy,984.3680854668065,983.6298094027064,0.9995,0.9995,-0.0007499999999999862
2021-05-04 17:00:00,BUSD-USD,Buy,983.6298094027064,983.6298094027064,0.9999,0.9995,0.0
2021-05-04 18:00:00,BUSD-USD,Sell,983.6298094027064,983.5809723548908,1.0002,0.9995,-4.96498249125362e-05
2021-05-04 20:00:00,BUSD-USD,Buy,983.5809723548908,982.8432866256246,0.9999,0.9999,-0.0007500000000000508
2021-05-04 21:00:00,BUSD-USD,Buy,982.8432866256246,982.8432866256246,0.9998,0.9999,0.0
2021-05-05 00:00:00,BUSD-USD,Sell,982.8432866256246,982.1061541606554,0.9999,0.9999,-0.0007500000000000318
2021-05-05 01:00:00,BUSD-USD,Sell,982.1061541606554,982.1061541606554,1.0,0.9999,0.0
2021-05-05 02:00:00,BUSD-USD,Buy,982.1061541606554,981.3695745450349,0.9999,0.9999,-0.0007499999999999935
2021-05-05 03:00:00,BUSD-USD,Buy,981.3695745450349,981.3695745450349,0.9998,0.9999,0.0
2021-05-05 04:00:00,BUSD-USD,Buy,981.3695745450349,981.3695745450349,0.9999,0.9999,0.0
2021-05-05 05:00:00,BUSD-USD,Sell,981.3695745450349,980.7316941362578,1.0,0.9999,-0.0006499899989998907
2021-05-05 07:00:00,BUSD-USD,Sell,980.7316941362578,980.7316941362578,1.0001,0.9999,0.0
2021-05-05 08:00:00,BUSD-USD,Buy,980.7316941362578,979.9961453656556,0.9999,0.9999,-0.0007500000000000434
2021-05-05 09:00:00,BUSD-USD,Buy,979.9961453656556,979.9961453656556,0.9998,0.9999,0.0
2021-05-05 10:00:00,BUSD-USD,Sell,979.9961453656556,979.3591576721095,1.0,0.9999,-0.0006499899989998458
2021-05-05 11:00:00,BUSD-USD,Buy,979.3591576721095,978.6246383038555,0.9999,0.9999,-0.0007499999999999582
2021-05-05 12:00:00,BUSD-USD,Buy,978.6246383038555,978.6246383038555,0.9998,0.9999,0.0
2021-05-05 13:00:00,BUSD-USD,Sell,978.6246383038555,978.0864143272386,1.0001,0.9999,-0.0005499799979997955
2021-05-05 14:00:00,BUSD-USD,Sell,978.0864143272386,978.0864143272386,1.0,0.9999,0.0
2021-05-05 15:00:00,BUSD-USD,Sell,978.0864143272386,978.0864143272386,1.0001,0.9999,0.0
2021-05-05 16:00:00,BUSD-USD,Buy,978.0864143272386,977.3528495164932,1.0,1.0,-0.0007499999999999768
2021-05-05 18:00:00,BUSD-USD,Buy,977.3528495164932,977.3528495164932,0.9999,1.0,0.0
2021-05-05 19:00:00,BUSD-USD,Sell,977.3528495164932,976.8153054492591,1.0002,1.0,-0.000550000000000009
2021-05-05 20:00:00,BUSD-USD,Buy,976.8153054492591,976.0826939701722,0.9998,0.9998,-0.0007499999999999822
2021-05-05 21:00:00,BUSD-USD,Sell,976.0826939701722,975.4482597446505,0.9999,0.9998,-0.0006499799959992389
2021-05-05 23:00:00,BUSD-USD,Buy,975.4482597446505,974.716673549842,1.0001,1.0001,-0.0007500000000000416
2021-05-06 00:00:00,BUSD-USD,Buy,974.716673549842,974.716673549842,0.9998,1.0001,0.0
2021-05-06 02:00:00,BUSD-USD,Buy,974.716673549842,974.716673549842,0.9999,1.0001,0.0
2021-05-06 03:00:00,BUSD-USD,Buy,974.716673549842,974.716673549842,0.9998,1.0001,0.0
2021-05-06 04:00:00,BUSD-USD,Buy,974.716673549842,974.716673549842,0.9999,1.0001,0.0
2021-05-06 05:00:00,BUSD-USD,Buy,974.716673549842,974.716673549842,0.9998,1.0001,0.0
2021-05-06 06:00:00,BUSD-USD,Sell,974.716673549842,973.7907122023539,0.9999,1.0001,-0.0009499800019997363
2021-05-06 07:00:00,BUSD-USD,Sell,973.7907122023539,973.7907122023539,1.0,1.0001,0.0
2021-05-06 08:00:00,BUSD-USD,Buy,973.7907122023539,973.0603691682021,0.9999,0.9999,-0.000750000000000051
2021-05-06 09:00:00,BUSD-USD,Sell,973.0603691682021,972.4278896598196,1.0,0.9999,-0.0006499899989999355
2021-05-06 11:00:00,BUSD-USD,Buy,972.4278896598196,971.6985687425747,0.9999,0.9999,-0.0007500000000000126
2021-05-06 12:00:00,BUSD-USD,Sell,971.6985687425747,971.1641539656812,1.0001,0.9999,-0.0005499799979998797
2021-05-06 13:00:00,BUSD-USD,Buy,971.1641539656812,970.4357808502069,0.9999,0.9999,-0.0007499999999999944
2021-05-06 14:00:00,BUSD-USD,Sell,970.4357808502069,969.8050072979827,1.0,0.9999,-0.0006499899989998463
2021-05-06 16:00:00,BUSD-USD,Buy,969.8050072979827,969.0776535425092,0.9998,0.9998,-0.0007499999999999856
2021-05-06 17:00:00,BUSD-USD,Buy,969.0776535425092,969.0776535425092,0.9999,0.9998,0.0
2021-05-06 18:00:00,BUSD-USD,Sell,969.0776535425092,968.5446996039211,1.0,0.9998,-0.0005499599919984278
2021-05-06 19:00:00,BUSD-USD,Buy,968.5446996039211,967.8182910792182,0.9999,0.9999,-0.0007500000000000064
2021-05-06 20:00:00,BUSD-USD,Sell,967.8182910792182,967.1892188691676,1.0,0.9999,-0.0006499899989998262
2021-05-06 21:00:00,BUSD-USD,Sell,967.1892188691676,967.1892188691676,1.0002,0.9999,0.0
2021-05-06 22:00:00,BUSD-USD,Buy,967.1892188691676,966.4638269550157,1.0,1.0,-0.0007499999999999508
2021-05-07 00:00:00,BUSD-USD,Buy,966.4638269550157,966.4638269550157,0.9999,1.0,0.0
2021-05-07 01:00:00,BUSD-USD,Buy,966.4638269550157,966.4638269550157,0.9998,1.0,0.0
2021-05-07 02:00:00,BUSD-USD,Buy,966.4638269550157,966.4638269550157,0.9999,1.0,0.0
2021-05-07 03:00:00,BUSD-USD,Sell,966.4638269550157,965.7389790847994,1.0,1.0,-0.0007500000000000482
2021-05-07 05:00:00,BUSD-USD,Buy,965.7389790847994,965.0146748504858,0.9998,0.9998,-0.0007500000000000516
2021-05-07 06:00:00,BUSD-USD,Sell,965.0146748504858,964.4839553876266,1.0,0.9998,-0.0005499599919985166
2021-05-07 11:00:00,BUSD-USD,Buy,964.4839553876266,963.7605924210858,0.9999,0.9999,-0.0007500000000000582
2021-05-07 12:00:00,BUSD-USD,Sell,963.7605924210858,963.1341576745818,1.0,0.9999,-0.0006499899989999226
2021-05-07 13:00:00,BUSD-USD,Sell,963.1341576745818,963.1341576745818,1.0001,0.9999,0.0
2021-05-07 14:00:00,BUSD-USD,Buy,963.1341576745818,962.4118070563259,0.9998,0.9998,-0.0007500000000000382
2021-05-07 15:00:00,BUSD-USD,Sell,962.4118070563259,961.9787794994102,1.0001,0.9998,-0.0004499399879976333
2021-05-07 16:00:00,BUSD-USD,Buy,961.9787794994102,961.2572954147856,0.9998,0.9998,-0.0007499999999999767
2021-05-07 17:00:00,BUSD-USD,Sell,961.2572954147856,960.8247873188241,1.0001,0.9998,-0.00044993998799763336
2021-05-07 18:00:00,BUSD-USD,Buy,960.8247873188241,960.1041687283349,0.9999,0.9999,-0.000750000000000036
2021-05-07 19:00:00,BUSD-USD,Buy,960.1041687283349,960.1041687283349,0.9998,0.9999,0.0
2021-05-07 20:00:00,BUSD-USD,Sell,960.1041687283349,959.4801106206634,1.0,0.9999,-0.0006499899989999147
2021-05-07 22:00:00,BUSD-USD,Buy,959.4801106206634,958.7605005376979,0.9999,0.9999,-0.0007499999999999606
2021-05-08 00:00:00,BUSD-USD,Sell,958.7605005376979,958.2332014395299,1.0001,0.9999,-0.0005499799979997754
2021-05-08 03:00:00,BUSD-USD,Buy,958.2332014395299,957.5145265384502,0.9999,0.9999,-0.0007500000000000343
2021-05-08 04:00:00,BUSD-USD,Sell,957.5145265384502,956.892151672303,1.0,0.9999,-0.0006499899989999839
2021-05-08 05:00:00,BUSD-USD,Sell,956.892151672303,956.892151672303,1.0001,0.9999,0.0
2021-05-08 06:00:00,BUSD-USD,Buy,956.892151672303,956.1744825585488,0.9999,0.9999,-0.0007500000000000287
2021-05-08 07:00:00,BUSD-USD,Buy,956.1744825585488,956.1744825585488,0.9998,0.9999,0.0
2021-05-08 08:00:00,BUSD-USD,Sell,956.1744825585488,955.5529787075868,1.0,0.9999,-0.0006499899989999111
2021-05-08 11:00:00,BUSD-USD,Sell,955.5529787075868,955.5529787075868,1.0001,0.9999,0.0
2021-05-08 12:00:00,BUSD-USD,Buy,955.5529787075868,954.8363139735561,0.9999,0.9999,-0.0007500000000000113
2021-05-08 13:00:00,BUSD-USD,Sell,954.8363139735561,954.3111730995068,1.0001,0.9999,-0.0005499799979997559
2021-05-08 14:00:00,BUSD-USD,Buy,954.3111730995068,953.5954397196822,1.0,1.0,-0.0007500000000000266
2021-05-08 18:00:00,BUSD-USD,Buy,953.5954397196822,953.5954397196822,0.9999,1.0,0.0
2021-05-08 20:00:00,BUSD-USD,Sell,953.5954397196822,952.8802431398924,1.0,1.0,-0.0007500000000000298
2021-05-08 22:00:00,BUSD-USD,Buy,952.8802431398924,952.1655829575375,0.9999,0.9999,-0.0007499999999999997
2021-05-09 00:00:00,BUSD-USD,Sell,952.1655829575375,951.5466848512231,1.0,0.9999,-0.0006499899990000149
2021-05-09 02:00:00,BUSD-USD,Buy,951.5466848512231,950.8330248375846,0.9999,0.9999,-0.00075000000000003
2021-05-09 03:00:00,BUSD-USD,Buy,950.8330248375846,950.8330248375846,0.9998,0.9999,0.0
2021-05-09 04:00:00,BUSD-USD,Sell,950.8330248375846,950.2149928807214,1.0,0.9999,-0.0006499899989998498
2021-05-09 05:00:00,BUSD-USD,Sell,950.2149928807214,950.2149928807214,1.0002,0.9999,0.0
2021-05-09 06:00:00,BUSD-USD,Buy,950.2149928807214,949.5023316360608,1.0,1.0,-0.0007500000000000414
2021-05-09 07:00:00,BUSD-USD,Buy,949.5023316360608,949.5023316360608,0.9998,1.0,0.0
2021-05-09 08:00:00,BUSD-USD,Sell,949.5023316360608,948.8851551204973,1.0001,1.0,-0.0006500000000000936
2021-05-09 09:00:00,BUSD-USD,Sell,948.8851551204973,948.8851551204973,1.0,1.0,0.0
2021-05-09 10:00:00,BUSD-USD,Buy,948.8851551204973,948.1734912541569,0.9998,0.9998,-0.0007499999999999855
2021-05-09 11:00:00,BUSD-USD,Buy,948.1734912541569,948.1734912541569,0.9999,0.9998,0.0
2021-05-09 12:00:00,BUSD-USD,Sell,948.1734912541569,947.6520337684938,1.0,0.9998,-0.000549959991998343
2021-05-09 13:00:00,BUSD-USD,Buy,947.6520337684938,946.9412947431674,0.9999,0.9999,-0.0007499999999999758
2021-05-09 15:00:00,BUSD-USD,Buy,946.9412947431674,946.9412947431674,1.0,0.9999,0.0
2021-05-09 16:00:00,BUSD-USD,Buy,946.9412947431674,946.9412947431674,0.9998,0.9999,0.0
2021-05-09 17:00:00,BUSD-USD,Sell,946.9412947431674,946.4204959717787,1.0001,0.9999,-0.0005499799979997634
2021-05-09 18:00:00,BUSD-USD,Buy,946.4204959717787,945.7106805997998,0.9999,0.9999,-0.0007500000000000002
2021-05-09 22:00:00,BUSD-USD,Sell,945.7106805997998,945.1905586415751,1.0001,0.9999,-0.0005499799979999013
2021-05-09 23:00:00,BUSD-USD,Buy,945.1905586415751,944.4816657225939,0.9999,0.9999,-0.0007499999999999964
2021-05-10 00:00:00,BUSD-USD,Sell,944.4816657225939,943.8677620856355,1.0,0.9999,-0.0006499899989998568
2021-05-10 01:00:00,BUSD-USD,Sell,943.8677620856355,943.8677620856355,1.0002,0.9999,0.0
2021-05-10 02:00:00,BUSD-USD,Buy,943.8677620856355,943.1598612640713,1.0,1.0,-0.0007499999999999513
2021-05-10 03:00:00,BUSD-USD,Buy,943.1598612640713,943.1598612640713,0.9999,1.0,0.0
2021-05-10 06:00:00,BUSD-USD,Sell,943.1598612640713,942.5468073542496,1.0001,1.0,-0.0006500000000000583
2021-05-10 07:00:00,BUSD-USD,Buy,942.5468073542496,941.8398972487339,0.9998,0.9998,-0.0007500000000000173
2021-05-10 08:00:00,BUSD-USD,Sell,941.8398972487339,941.3219229863791,1.0,0.9998,-0.000549959991998472
2021-05-10 09:00:00,BUSD-USD,Buy,941.3219229863791,940.6159315441394,0.9999,0.9999,-0.0007500000000000085
2021-05-10 10:00:00,BUSD-USD,Sell,940.6159315441394,940.0045405957356,1.0,0.9999,-0.0006499899989999471
2021-05-10 11:00:00,BUSD-USD,Sell,940.0045405957356,940.0045405957356,1.0001,0.9999,0.0
2021-05-10 12:00:00,BUSD-USD,Buy,940.0045405957356,939.2995371902889,0.9999,0.9999,-0.0007499999999999407
2021-05-10 13:00:00,BUSD-USD,Sell,939.2995371902889,938.7829412327037,1.0001,0.9999,-0.0005499799979998719
2021-05-10 14:00:00,BUSD-USD,Buy,938.7829412327037,938.0788540267791,0.9998,0.9998,-0.0007500000000000405
2021-05-10 15:00:00,BUSD-USD,Sell,938.0788540267791,937.7506014891903,1.0002,0.9998,-0.00034991998399682437
2021-05-10 16:00:00,BUSD-USD,Buy,937.7506014891903,937.0472885380734,0.9999,0.9999,-0.0007500000000000222
2021-05-10 17:00:00,BUSD-USD,Sell,937.0472885380734,936.5319312721974,1.0001,0.9999,-0.0005499799979999106
2021-05-10 18:00:00,BUSD-USD,Sell,936.5319312721974,936.5319312721974,1.0,0.9999,0.0
2021-05-10 19:00:00,BUSD-USD,Buy,936.5319312721974,935.8295323237433,0.9998,0.9998,-0.0007500000000000281
2021-05-10 20:00:00,BUSD-USD,Buy,935.8295323237433,935.8295323237433,0.9999,0.9998,0.0
2021-05-10 22:00:00,BUSD-USD,Sell,935.8295323237433,935.4084651952016,1.0001,0.9998,-0.00044993998799766806
2021-05-10 23:00:00,BUSD-USD,Buy,935.4084651952016,934.7069088463053,0.9999,0.9999,-0.0007499999999999568
2021-05-11 00:00:00,BUSD-USD,Sell,934.7069088463053,934.1928387424476,1.0001,0.9999,-0.0005499799979997549
2021-05-11 01:00:00,BUSD-USD,Sell,934.1928387424476,934.1928387424476,1.0002,0.9999,0.0
2021-05-11 02:00:00,BUSD-USD,Buy,934.1928387424476,933.4921941133908,0.9999,0.9999,-0.000749999999999958
2021-05-11 03:00:00,BUSD-USD,Buy,933.4921941133908,933.4921941133908,0.9998,0.9999,0.0
2021-05-11 04:00:00,BUSD-USD,Buy,933.4921941133908,933.4921941133908,1.0,0.9999,0.0
2021-05-11 06:00:00,BUSD-USD,Sell,933.4921941133908,933.1655091888732,1.0003,0.9999,-0.00034995999599964463
2021-05-11 07:00:00,BUSD-USD,Buy,933.1655091888732,932.4656350569816,1.0002,1.0002,-0.0007499999999999918
2021-05-11 09:00:00,BUSD-USD,Buy,932.4656350569816,932.4656350569816,1.0,1.0002,0.0
2021-05-11 10:00:00,BUSD-USD,Sell,932.4656350569816,931.7662858306888,1.0002,1.0002,-0.0007499999999999878
2021-05-11 11:00:00,BUSD-USD,Buy,931.7662858306888,931.0674611163158,1.0001,1.0001,-0.0007500000000000012
2021-05-11 12:00:00,BUSD-USD,Sell,931.0674611163158,930.4622579568465,1.0002,1.0001,-0.0006500099990001444
2021-05-11 13:00:00,BUSD-USD,Buy,930.4622579568465,929.7644112633789,0.9999,0.9999,-0.0007500000000000503
2021-05-11 14:00:00,BUSD-USD,Buy,929.7644112633789,929.7644112633789,1.0,0.9999,0.0
2021-05-11 15:00:00,BUSD-USD,Buy,929.7644112633789,929.7644112633789,0.9999,0.9999,0.0
2021-05-11 16:00:00,BUSD-USD,Sell,929.7644112633789,929.1600736946317,1.0,0.9999,-0.0006499899989998236
2021-05-11 17:00:00,BUSD-USD,Sell,929.1600736946317,929.1600736946317,1.0001,0.9999,0.0
2021-05-11 18:00:00,BUSD-USD,Buy,929.1600736946317,928.4632036393607,0.9999,0.9999,-0.0007500000000000348
2021-05-11 20:00:00,BUSD-USD,Buy,928.4632036393607,928.4632036393607,1.0,0.9999,0.0
2021-05-11 23:00:00,BUSD-USD,Buy,928.4632036393607,928.4632036393607,0.9999,0.9999,0.0
2021-05-12 00:00:00,BUSD-USD,Sell,928.4632036393607,927.9525674484802,1.0001,0.9999,-0.0005499799979998591
2021-05-12 01:00:00,BUSD-USD,Buy,927.9525674484802,927.2566030228938,0.9998,0.9998,-0.0007499999999999778
2021-05-12 02:00:00,BUSD-USD,Sell,927.2566030228938,926.9321374072032,1.0002,0.9998,-0.0003499199839967543
2021-05-12 03:00:00,BUSD-USD,Buy,926.9321374072032,926.2369383041478,1.0,1.0,-0.0007500000000000141
2021-05-12 04:00:00,BUSD-USD,Buy,926.2369383041478,926.2369383041478,1.0001,1.0,0.0
2021-05-12 06:00:00,BUSD-USD,Buy,926.2369383041478,926.2369383041478,0.9999,1.0,0.0
2021-05-12 07:00:00,BUSD-USD,Sell,926.2369383041478,925.5422606004197,1.0,1.0,-0.0007499999999999617
2021-05-12 09:00:00,BUSD-USD,Buy,925.5422606004197,924.8481039049694,0.9999,0.9999,-0.0007499999999999414
2021-05-12 10:00:00,BUSD-USD,Buy,924.8481039049694,924.8481039049694,0.9998,0.9999,0.0
2021-05-12 11:00:00,BUSD-USD,Sell,924.8481039049694,924.2469618868371,1.0,0.9999,-0.0006499899990000077
2021-05-12 12:00:00,BUSD-USD,Sell,924.2469618868371,924.2469618868371,1.0001,0.9999,0.0
2021-05-12 13:00:00,BUSD-USD,Buy,924.2469618868371,923.553776665422,0.9999,0.9999,-0.0007499999999999614
2021-05-12 14:00:00,BUSD-USD,Sell,923.553776665422,923.0458405611788,1.0001,0.9999,-0.0005499799979998315
2021-05-12 15:00:00,BUSD-USD,Buy,923.0458405611788,922.3535561807579,0.9999,0.9999,-0.0007500000000000336
2021-05-12 16:00:00,BUSD-USD,Buy,922.3535561807579,922.3535561807579,0.9998,0.9999,0.0
2021-05-12 17:00:00,BUSD-USD,Sell,922.3535561807579,921.7540355936984,1.0,0.9999,-0.0006499899989999025
2021-05-12 19:00:00,BUSD-USD,Buy,921.7540355936984,921.0627200670032,0.9997,0.9997,-0.0007499999999999573
2021-05-12 20:00:00,BUSD-USD,Sell,921.0627200670032,920.7404586756743,1.0001,0.9997,-0.00034987996398924557
2021-05-12 21:00:00,BUSD-USD,Sell,920.7404586756743,920.7404586756743,1.0003,0.9997,0.0
2021-05-12 22:00:00,BUSD-USD,Buy,920.7404586756743,920.0499033316676,1.0,1.0,-0.0007499999999999668
2021-05-12 23:00:00,BUSD-USD,Buy,920.0499033316676,920.0499033316676,0.9994,1.0,0.0
2021-05-13 00:00:00,BUSD-USD,Sell,920.0499033316676,919.451870894502,1.0001,1.0,-0.0006499999999999707
2021-05-13 03:00:00,BUSD-USD,Buy,919.451870894502,918.7622819913312,0.9998,0.9998,-0.0007499999999999487
2021-05-13 04:00:00,BUSD-USD,Buy,918.7622819913312,918.7622819913312,0.9997,0.9998,0.0
2021-05-13 05:00:00,BUSD-USD,Sell,918.7622819913312,918.1651048869583,0.9999,0.9998,-0.0006499799959991744
2021-05-13 07:00:00,BUSD-USD,Buy,918.1651048869583,917.4764810582931,0.9997,0.9997,-0.0007499999999999645
2021-05-13 08:00:00,BUSD-USD,Sell,917.4764810582931,916.9719240588194,0.9999,0.9997,-0.0005499399819946589
2021-05-13 09:00:00,BUSD-USD,Sell,916.9719240588194,916.9719240588194,1.0,0.9997,0.0
2021-05-13 10:00:00,BUSD-USD,Sell,916.9719240588194,916.9719240588194,0.9999,0.9997,0.0
2021-05-13 11:00:00,BUSD-USD,Buy,916.9719240588194,916.2841951157752,0.9998,0.9998,-0.0007500000000000225
2021-05-13 12:00:00,BUSD-USD,Buy,916.2841951157752,916.2841951157752,0.9999,0.9998,0.0
2021-05-13 13:00:00,BUSD-USD,Sell,916.2841951157752,915.8719222160224,1.0001,0.9998,-0.0004499399879976114
2021-05-13 14:00:00,BUSD-USD,Buy,915.8719222160224,915.1850182743605,1.0,1.0,-0.0007499999999999457
2021-05-13 16:00:00,BUSD-USD,Buy,915.1850182743605,915.1850182743605,0.9997,1.0,0.0
2021-05-13 17:00:00,BUSD-USD,Sell,915.1850182743605,914.4071110088273,0.9999,1.0,-0.0008499999999999326
2021-05-13 19:00:00,BUSD-USD,Sell,914.4071110088273,914.4071110088273,1.0001,1.0,0.0
2021-05-13 20:00:00,BUSD-USD,Sell,914.4071110088273,914.4071110088273,1.0,1.0,0.0
2021-05-14 00:00:00,BUSD-USD,Buy,914.4071110088273,913.7213056755706,0.9999,0.9999,-0.0007500000000000508
2021-05-14 03:00:00,BUSD-USD,Sell,913.7213056755706,913.1273959650083,1.0,0.9999,-0.0006499899990000004
2021-05-14 04:00:00,BUSD-USD,Buy,913.1273959650083,912.4425504180346,0.9998,0.9998,-0.0007499999999999903
2021-05-14 05:00:00,BUSD-USD,Buy,912.4425504180346,912.4425504180346,0.9999,0.9998,0.0
2021-05-14 06:00:00,BUSD-USD,Buy,912.4425504180346,912.4425504180346,0.9998,0.9998,0.0
2021-05-14 07:00:00,BUSD-USD,Sell,912.4425504180346,911.9407435203077,1.0,0.9998,-0.0005499599919983444
2021-05-14 10:00:00,BUSD-USD,Sell,911.9407435203077,911.9407435203077,1.0001,0.9998,0.0
2021-05-14 11:00:00,BUSD-USD,Buy,911.9407435203077,911.2567879626674,0.9999,0.9999,-0.0007500000000000479
2021-05-14 12:00:00,BUSD-USD,Buy,911.2567879626674,911.2567879626674,1.0,0.9999,0.0
2021-05-14 13:00:00,BUSD-USD,Sell,911.2567879626674,910.7556149562464,1.0001,0.9999,-0.0005499799979998164
2021-05-14 14:00:00,BUSD-USD,Buy,910.7556149562464,910.0725482450292,0.9999,0.9999,-0.0007499999999999943
2021-05-14 15:00:00,BUSD-USD,Sell,910.0725482450292,909.5720265467658,1.0001,0.9999,-0.0005499799979997947
2021-05-14 18:00:00,BUSD-USD,Buy,909.5720265467658,908.8898475268556,0.9999,0.9999,-0.0007500000000000379
2021-05-14 20:00:00,BUSD-USD,Buy,908.8898475268556,908.8898475268556,0.9998,0.9999,0.0
2021-05-14 22:00:00,BUSD-USD,Sell,908.8898475268556,908.2990782157707,1.0,0.9999,-0.0006499899989998503
2021-05-15 02:00:00,BUSD-USD,Buy,908.2990782157707,907.6178539071088,0.9998,0.9998,-0.0007500000000000282
2021-05-15 05:00:00,BUSD-USD,Sell,907.6178539071088,907.0279204580575,0.9999,0.9998,-0.0006499799959992457
2021-05-15 09:00:00,BUSD-USD,Buy,907.0279204580575,906.3476495177139,0.9998,0.9998,-0.0007500000000000358
2021-05-15 10:00:00,BUSD-USD,Sell,906.3476495177139,905.7585416761065,0.9999,0.9998,-0.0006499799959992079
2021-05-15 11:00:00,BUSD-USD,Buy,905.7585416761065,905.0792227698494,0.9998,0.9998,-0.0007500000000000163
2021-05-15 12:00:00,BUSD-USD,Sell,905.0792227698494,904.4909393802545,0.9999,0.9998,-0.000649979995999122
2021-05-15 13:00:00,BUSD-USD,Buy,904.4909393802545,903.8125711757193,0.9998,0.9998,-0.0007500000000000299
2021-05-15 18:00:00,BUSD-USD,Sell,903.8125711757193,903.2251110843225,0.9999,0.9998,-0.0006499799959991687
2021-05-15 22:00:00,BUSD-USD,Buy,903.2251110843225,902.5476922510093,0.9997,0.9997,-0.0007500000000000137
2021-05-15 23:00:00,BUSD-USD,Sell,902.5476922510093,901.9610633356023,0.9998,0.9997,-0.0006499699909972802
2021-05-16 00:00:00,BUSD-USD,Sell,901.9610633356023,901.9610633356023,1.0,0.9997,0.0
2021-05-16 02:00:00,BUSD-USD,Buy,901.9610633356023,901.2845925381006,0.9998,0.9998,-0.0007499999999999749
2021-05-16 03:00:00,BUSD-USD,Buy,901.2845925381006,901.2845925381006,0.9997,0.9998,0.0
2021-05-16 04:00:00,BUSD-USD,Buy,901.2845925381006,901.2845925381006,0.9998,0.9998,0.0
2021-05-16 06:00:00,BUSD-USD,Sell,901.2845925381006,900.7889220708,1.0,0.9998,-0.0005499599919984234
2021-05-16 08:00:00,BUSD-USD,Buy,900.7889220708,900.1133303792469,0.9999,0.9999,-0.0007500000000000098
2021-05-16 09:00:00,BUSD-USD,Sell,900.1133303792469,899.528265716534,1.0,0.9999,-0.0006499899989998589
2021-05-16 11:00:00,BUSD-USD,Buy,899.528265716534,898.8536195172466,0.9999,0.9999,-0.0007499999999999935
2021-05-16 12:00:00,BUSD-USD,Sell,898.8536195172466,898.2693736539954,1.0,0.9999,-0.0006499899989999455
2021-05-16 13:00:00,BUSD-USD,Buy,898.2693736539954,897.5956716237549,0.9999,0.9999,-0.0007500000000000259
2021-05-16 14:00:00,BUSD-USD,Buy,897.5956716237549,897.5956716237549,0.9998,0.9999,0.0
2021-05-16 17:00:00,BUSD-USD,Sell,897.5956716237549,896.9224748700371,0.9999,0.9999,-0.0007499999999999544
2021-05-16 21:00:00,BUSD-USD,Sell,896.9224748700371,896.9224748700371,1.0,0.9999,0.0
2021-05-16 22:00:00,BUSD-USD,Buy,896.9224748700371,896.2497830138847,0.9999,0.9999,-0.0007499999999999496
2021-05-16 23:00:00,BUSD-USD,Buy,896.2497830138847,896.2497830138847,0.9998,0.9999,0.0
2021-05-17 03:00:00,BUSD-USD,Buy,896.2497830138847,896.2497830138847,0.9997,0.9999,0.0
2021-05-17 05:00:00,BUSD-USD,Sell,896.2497830138847,895.6672296183198,1.0,0.9999,-0.0006499899989999505
2021-05-17 06:00:00,BUSD-USD,Buy,895.6672296183198,894.995479196106,0.9997,0.9997,-0.0007500000000000565
2021-05-17 07:00:00,BUSD-USD,Buy,894.995479196106,894.995479196106,0.9998,0.9997,0.0
2021-05-17 08:00:00,BUSD-USD,Sell,894.995479196106,894.592811804233,1.0,0.9997,-0.0004499099729919349
2021-05-17 09:00:00,BUSD-USD,Buy,894.592811804233,893.9218671953798,0.9998,0.9998,-0.0007499999999999382
2021-05-17 11:00:00,BUSD-USD,Sell,893.9218671953798,893.3408358637166,0.9999,0.9998,-0.0006499799959991569
2021-05-17 14:00:00,BUSD-USD,Sell,893.3408358637166,893.3408358637166,1.0,0.9998,0.0
2021-05-17 15:00:00,BUSD-USD,Sell,893.3408358637166,893.3408358637166,0.9999,0.9998,0.0
2021-05-17 16:00:00,BUSD-USD,Buy,893.3408358637166,892.6708302368188,0.9997,0.9997,-0.000750000000000035
2021-05-17 17:00:00,BUSD-USD,Buy,892.6708302368188,892.6708302368188,0.9998,0.9997,0.0
2021-05-17 18:00:00,BUSD-USD,Sell,892.6708302368188,892.1799148565112,0.9999,0.9997,-0.0005499399819946324
2021-05-17 19:00:00,BUSD-USD,Sell,892.1799148565112,892.1799148565112,1.0,0.9997,0.0
2021-05-17 20:00:00,BUSD-USD,Buy,892.1799148565112,891.5107799203688,0.9999,0.9999,-0.0007500000000000491
2021-05-17 21:00:00,BUSD-USD,Buy,891.5107799203688,891.5107799203688,0.9998,0.9999,0.0
2021-05-17 22:00:00,BUSD-USD,Sell,891.5107799203688,890.8421468354285,0.9999,0.9999,-0.0007500000000000541
2021-05-18 02:00:00,BUSD-USD,Sell,890.8421468354285,890.8421468354285,1.0,0.9999,0.0
2021-05-18 03:00:00,BUSD-USD,Sell,890.8421468354285,890.8421468354285,1.0002,0.9999,0.0
2021-05-18 04:00:00,BUSD-USD,Buy,890.8421468354285,890.1740152253019,1.0,1.0,-0.0007500000000000089
2021-05-18 06:00:00,BUSD-USD,Buy,890.1740152253019,890.1740152253019,1.0001,1.0,0.0
2021-05-18 07:00:00,BUSD-USD,Buy,890.1740152253019,890.1740152253019,0.9999,1.0,0.0
2021-05-18 10:00:00,BUSD-USD,Sell,890.1740152253019,889.5954021154054,1.0001,1.0,-0.000650000000000102
2021-05-18 11:00:00,BUSD-USD,Sell,889.5954021154054,889.5954021154054,1.0002,1.0,0.0
2021-05-18 12:00:00,BUSD-USD,Buy,889.5954021154054,888.9282055638188,0.9999,0.9999,-0.0007500000000000348
2021-05-18 13:00:00,BUSD-USD,Buy,888.9282055638188,888.9282055638188,0.9998,0.9999,0.0
2021-05-18 14:00:00,BUSD-USD,Sell,888.9282055638188,888.2615094096459,0.9999,0.9999,-0.0007500000000000206
2021-05-18 15:00:00,BUSD-USD,Sell,888.2615094096459,888.2615094096459,1.0001,0.9999,0.0
2021-05-18 18:00:00,BUSD-USD,Buy,888.2615094096459,887.5953132775886,0.9999,0.9999,-0.0007500000000000513
2021-05-18 19:00:00,BUSD-USD,Sell,887.5953132775886,887.018385200799,1.0,0.9999,-0.0006499899989998974
2021-05-18 20:00:00,BUSD-USD,Buy,887.018385200799,886.3531214118984,0.9999,0.9999,-0.0007499999999999722
2021-05-18 22:00:00,BUSD-USD,Sell,886.3531214118984,885.8656449239571,1.0001,0.9999,-0.0005499799979998851
2021-05-18 23:00:00,BUSD-USD,Buy,885.8656449239571,885.2012456902642,1.0,1.0,-0.0007499999999999928
2021-05-19 00:00:00,BUSD-USD,Sell,885.2012456902642,884.6258648805656,1.0001,1.0,-0.0006499999999998875
2021-05-19 01:00:00,BUSD-USD,Buy,884.6258648805656,883.9623954819052,0.9998,0.9998,-0.0007499999999999364
2021-05-19 02:00:00,BUSD-USD,Sell,883.9623954819052,883.3878376076265,0.9999,0.9998,-0.0006499799959991784
2021-05-19 03:00:00,BUSD-USD,Buy,883.3878376076265,882.7252967294207,0.9997,0.9997,-0.0007500000000000138
2021-05-19 04:00:00,BUSD-USD,Sell,882.7252967294207,882.32814981501,1.0,0.9997,-0.0004499099729918638
2021-05-19 05:00:00,BUSD-USD,Sell,882.32814981501,882.32814981501,1.0001,0.9997,0.0
2021-05-19 06:00:00,BUSD-USD,Sell,882.32814981501,882.32814981501,1.0,0.9997,0.0
2021-05-19 09:00:00,BUSD-USD,Buy,882.32814981501,881.6664037026487,0.9998,0.9998,-0.0007499999999999835
2021-05-19 11:00:00,BUSD-USD,Buy,881.6664037026487,881.6664037026487,0.9997,0.9998,0.0
2021-05-19 12:00:00,BUSD-USD,Buy,881.6664037026487,881.6664037026487,0.999,0.9998,0.0
2021-05-19 13:00:00,BUSD-USD,Sell,881.6664037026487,881.4460752860002,1.0003,0.9998,-0.00024989997999607023
2021-05-19 14:00:00,BUSD-USD,Sell,881.4460752860002,881.4460752860002,1.0001,0.9998,0.0
2021-05-19 16:00:00,BUSD-USD,Sell,881.4460752860002,881.4460752860002,1.0004,0.9998,0.0
2021-05-19 17:00:00,BUSD-USD,Buy,881.4460752860002,880.7849907295357,1.0001,1.0001,-0.000750000000000018
2021-05-19 18:00:00,BUSD-USD,Sell,880.7849907295357,880.8289595233184,1.0009,1.0001,4.992000799910521e-05
2021-05-19 19:00:00,BUSD-USD,Buy,880.8289595233184,880.168337803676,1.0,1.0,-0.0007499999999999555
2021-05-19 20:00:00,BUSD-USD,Buy,880.168337803676,880.168337803676,1.0004,1.0,0.0
2021-05-19 21:00:00,BUSD-USD,Buy,880.168337803676,880.168337803676,1.0002,1.0,0.0
2021-05-19 22:00:00,BUSD-USD,Sell,880.168337803676,880.3003630543465,1.0009,1.0,0.00014999999999993553
2021-05-19 23:00:00,BUSD-USD,Buy,880.3003630543465,879.6401377820557,1.0,1.0,-0.0007499999999999833
2021-05-20 00:00:00,BUSD-USD,Buy,879.6401377820557,879.6401377820557,0.999,1.0,0.0
2021-05-20 02:00:00,BUSD-USD,Sell,879.6401377820557,878.8044796511628,0.9998,1.0,-0.0009500000000000152
2021-05-20 03:00:00,BUSD-USD,Sell,878.8044796511628,878.8044796511628,1.0,1.0,0.0
2021-05-20 04:00:00,BUSD-USD,Sell,878.8044796511628,878.8044796511628,0.9999,1.0,0.0
2021-05-20 05:00:00,BUSD-USD,Buy,878.8044796511628,878.1453762914243,0.9998,0.9998,-0.000750000000000059
2021-05-20 06:00:00,BUSD-USD,Sell,878.1453762914243,877.6624314673056,1.0,0.9998,-0.0005499599919984457
2021-05-20 07:00:00,BUSD-USD,Sell,877.6624314673056,877.6624314673056,1.0001,0.9998,0.0
2021-05-20 08:00:00,BUSD-USD,Buy,877.6624314673056,877.0041846437051,0.9998,0.9998,-0.0007500000000000317
2021-05-20 09:00:00,BUSD-USD,Buy,877.0041846437051,877.0041846437051,0.9999,0.9998,0.0
2021-05-20 10:00:00,BUSD-USD,Buy,877.0041846437051,877.0041846437051,0.9997,0.9998,0.0
2021-05-20 11:00:00,BUSD-USD,Sell,877.0041846437051,876.6095853913927,1.0001,0.9998,-0.00044993998799761406
2021-05-20 12:00:00,BUSD-USD,Sell,876.6095853913927,876.6095853913927,1.0006,0.9998,0.0
2021-05-20 13:00:00,BUSD-USD,Buy,876.6095853913927,875.9521282023492,1.0001,1.0001,-0.0007499999999999471
2021-05-20 14:00:00,BUSD-USD,Sell,875.9521282023492,875.6455099228966,1.0005,1.0001,-0.0003500399960004663
